zipcode,number_of_returns,income
0,"2,693,930","197,640,788"
0,870560,10486101
0,631080,23448258
0,394500,24740428
0,276880,24410707
0,395910,54569650
0,125000,59985644
,,
55001,"1,500","212,720"
55001,350,3656
55001,200,7299
55001,170,10821
55001,150,13340
55001,380,54596
55001,250,123008
,,
55003,"1,200","99,328"
55003,400,4610
55003,230,8446
55003,160,10096
55003,130,11396
55003,200,27953
55003,80,36827
,,
55005,"2,230","151,314"
55005,610,7087
55005,490,17864
55005,380,24002
55005,290,25488
55005,410,53435
55005,50,23438
,,
55006,"1,730","82,388"
55006,650,7542
55006,430,15896
55006,280,17577
55006,190,16533
55006,180,24840
55006,**,**
,,
55007,"1,050","44,942"
55007,400,4964
55007,300,10875
55007,170,10587
55007,100,9102
55007,80,9414
55007,**,**
,,
55008,"7,440","421,306"
55008,2610,30471
55008,1730,64174
55008,1250,77942
55008,810,71294
55008,890,116376
55008,150,61049
,,
55009,"4,140","295,658"
55009,1250,14160
55009,820,31287
55009,640,40164
55009,490,43533
55009,780,105168
55009,160,61346
,,
55011,"5,160","376,367"
55011,1380,15975
55011,1040,39669
55011,870,54577
55011,620,55029
55011,1070,143742
55011,180,67375
,,
55012,940,"67,474"
55012,290,3430
55012,200,7595
55012,130,8522
55012,120,10167
55012,160,22065
55012,40,15695
,,
55013,"3,340","247,240"
55013,1010,11254
55013,600,22546
55013,510,31863
55013,410,35906
55013,660,88990
55013,150,56681
,,
55014,"13,720","1,008,193"
55014,3980,44755
55014,2760,103488
55014,2010,126097
55014,1620,142650
55014,2720,368264
55014,630,222939
,,
55016,"17,310","1,213,105"
55016,4790,55630
55016,3430,128058
55016,2530,159460
55016,2200,194006
55016,3800,512483
55016,560,163468
,,
55017,330,"17,512"
55017,90,1186
55017,90,3212
55017,60,3399
55017,50,3960
55017,40,5755
55017,**,**
,,
55018,520,"31,808"
55018,150,1711
55018,120,4285
55018,80,4699
55018,70,5751
55018,100,15362
55018,**,**
,,
55019,990,"68,335"
55019,260,3217
55019,200,7580
55019,180,10978
55019,150,12920
55019,180,24182
55019,20,9458
,,
55020,"1,770","159,683"
55020,410,4558
55020,270,10317
55020,240,15205
55020,230,20821
55020,510,70222
55020,110,38560
,,
55021,"13,950","787,543"
55021,5120,63197
55021,3670,134375
55021,2090,129798
55021,1360,119259
55021,1430,187576
55021,280,153338
,,
55024,"16,020","1,151,594"
55024,4280,48128
55024,3100,117346
55024,2410,151364
55024,2000,175986
55024,3710,500601
55024,520,158169
,,
55025,"12,250","894,704"
55025,3810,44525
55025,2520,93768
55025,1740,109304
55025,1360,119607
55025,2280,309431
55025,540,218069
,,
55026,240,"14,405"
55026,70,669
55026,50,1767
55026,40,2563
55026,40,3114
55026,40,6292
55026,**,**
,,
55027,"1,420","91,264"
55027,390,4867
55027,360,13344
55027,240,15262
55027,180,15540
55027,220,29917
55027,30,12334
,,
55030,570,"26,815"
55030,210,2653
55030,140,5136
55030,100,6015
55030,70,5758
55030,50,7253
55030,**,**
,,
55031,970,"75,720"
55031,270,3302
55031,180,6764
55031,150,9494
55031,130,11117
55031,200,26815
55031,40,18228
,,
55032,"1,730","111,406"
55032,540,6437
55032,380,14046
55032,270,16811
55032,240,20864
55032,270,35299
55032,30,17949
,,
55033,"15,040","1,031,552"
55033,4570,52402
55033,3250,121739
55033,2250,140767
55033,1700,149891
55033,2700,366362
55033,570,200391
,,
55037,"2,240","95,296"
55037,990,12834
55037,610,22545
55037,290,17876
55037,180,15721
55037,170,26320
55037,**,**
,,
55038,"10,920","950,227"
55038,2850,30914
55038,1960,74348
55038,1490,93717
55038,1290,113347
55038,2520,349876
55038,810,288025
,,
55040,"6,260","354,803"
55040,1980,24068
55040,1550,58087
55040,1110,69425
55040,760,66985
55040,770,98535
55040,90,37703
,,
55041,"3,890","232,531"
55041,1300,14591
55041,940,35397
55041,600,37548
55041,440,38381
55041,500,65706
55041,110,40908
,,
55042,"4,450","585,529"
55042,1250,13608
55042,650,24310
55042,440,27365
55042,390,34794
55042,940,137436
55042,780,348016
,,
55043,"1,960","250,204"
55043,570,6753
55043,370,13733
55043,300,18692
55043,240,20711
55043,370,49103
55043,110,141212
,,
55044,"24,640","2,591,168"
55044,6740,70553
55044,3510,131265
55044,2790,176308
55044,2470,219053
55044,6540,930056
55044,2590,1063933
,,
55045,"3,750","267,972"
55045,1150,13172
55045,750,28024
55045,570,36117
55045,440,38980
55045,710,92944
55045,130,58735
,,
55046,"2,500","172,527"
55046,670,7796
55046,480,18304
55046,440,27313
55046,380,33477
55046,470,60923
55046,60,24714
,,
55047,"1,330","138,325"
55047,360,3945
55047,210,8243
55047,180,11442
55047,150,13528
55047,290,41091
55047,140,60076
,,
55049,"1,280","70,429"
55049,410,4796
55049,340,12787
55049,180,10964
55049,150,13057
55049,200,28825
55049,**,**
,,
55051,"4,290","226,017"
55051,1700,19879
55051,1050,39067
55051,670,42181
55051,400,35391
55051,400,51551
55051,70,37948
,,
55052,960,"54,030"
55052,320,4081
55052,250,9510
55052,170,10595
55052,90,8074
55052,130,21770
55052,**,**
,,
55053,460,"35,696"
55053,130,1436
55053,90,3169
55053,80,4818
55053,60,5217
55053,80,11087
55053,20,9969
,,
55054,940,"76,177"
55054,190,2256
55054,160,6023
55054,140,8895
55054,120,10713
55054,290,39685
55054,40,8605
,,
55055,"1,820","98,602"
55055,600,6779
55055,540,20144
55055,290,18482
55055,170,15164
55055,170,22734
55055,50,15299
,,
55056,"6,700","396,363"
55056,2090,24362
55056,1490,54734
55056,1110,69005
55056,860,75361
55056,1030,133283
55056,120,39618
,,
55057,"10,220","751,253"
55057,3270,36530
55057,2000,74805
55057,1490,93534
55057,1120,98639
55057,1850,253972
55057,490,193773
,,
55060,"14,640","843,468"
55060,5120,60557
55060,3560,130760
55060,2120,132818
55060,1590,140472
55060,1880,247348
55060,370,131513
,,
55063,"4,210","207,031"
55063,1560,19634
55063,1100,40392
55063,680,42634
55063,410,35942
55063,420,54689
55063,40,13740
,,
55065,560,"38,030"
55065,150,1463
55065,100,3931
55065,100,6352
55065,80,7176
55065,130,19108
55065,**,**
,,
55066,"9,560","612,717"
55066,3190,37754
55066,2470,90933
55066,1310,81699
55066,970,84568
55066,1290,175457
55066,330,142306
,,
55068,"14,120","1,140,810"
55068,3780,42049
55068,2610,98280
55068,2010,126709
55068,1700,150182
55068,3220,441108
55068,800,282482
,,
55069,"2,280","114,754"
55069,920,11208
55069,510,18580
55069,320,20005
55069,250,22326
55069,250,31703
55069,30,10932
,,
55070,"3,740","206,310"
55070,1130,13563
55070,940,35108
55070,650,40942
55070,470,40907
55070,510,65418
55070,40,10372
,,
55071,"2,940","151,097"
55071,950,11927
55071,770,28355
55071,530,33237
55071,360,31722
55071,310,39613
55071,20,6243
,,
55072,"1,480","61,875"
55072,640,8290
55072,390,14323
55072,230,14342
55072,120,10470
55072,100,14450
55072,**,**
,,
55073,"1,730","144,467"
55073,430,4975
55073,280,10608
55073,270,17500
55073,230,20581
55073,410,56160
55073,110,34643
,,
55074,"1,060","63,733"
55074,320,4039
55074,250,9395
55074,180,11046
55074,150,13469
55074,140,17649
55074,20,8135
,,
55075,"10,630","531,564"
55075,3600,44023
55075,2970,110903
55075,1730,107570
55075,1130,98534
55075,1100,141017
55075,100,29517
,,
55076,"11,790","769,015"
55076,3410,41278
55076,2930,109126
55076,1860,115807
55076,1320,115455
55076,1900,253515
55076,370,133834
,,
55077,"6,720","629,175"
55077,2010,23842
55077,1620,59915
55077,830,51762
55077,520,45601
55077,1090,156317
55077,650,291738
,,
55079,"4,360","287,629"
55079,1250,15051
55079,920,34409
55079,710,44447
55079,550,47677
55079,830,109315
55079,100,36730
,,
55080,"1,310","80,362"
55080,400,4665
55080,290,11042
55080,230,14644
55080,160,13829
55080,190,25553
55080,40,10629
,,
55082,"18,350","1,925,505"
55082,5440,57831
55082,2980,111677
55082,2330,147283
55082,1870,165489
55082,3750,527125
55082,1980,916100
,,
55084,870,"50,438"
55084,310,3472
55084,200,7729
55084,130,8126
55084,100,8934
55084,130,22177
55084,**,**
,,
55087,170,"8,334"
55087,50,511
55087,40,1326
55087,30,1990
55087,50,4507
55087,**,**
55087,0,0
,,
55088,930,"78,411"
55088,250,2758
55088,180,6822
55088,120,7649
55088,130,10956
55088,200,27759
55088,50,22467
,,
55089,980,"99,896"
55089,260,3072
55089,170,6310
55089,120,7717
55089,90,7930
55089,160,21782
55089,180,53085
,,
55092,"5,260","365,564"
55092,1570,17390
55092,1020,38076
55092,810,50790
55092,670,58366
55092,1000,133749
55092,190,67193
,,
55101,"4,330","432,656"
55101,1110,13627
55101,1070,40567
55101,890,55233
55101,490,42789
55101,530,72039
55101,240,208401
,,
55102,"10,180","763,394"
55102,3320,42966
55102,2940,109495
55102,1610,99683
55102,910,79426
55102,960,130258
55102,440,301566
,,
55103,"5,830","210,112"
55103,2930,36925
55103,1750,62429
55103,570,34448
55103,270,23343
55103,280,37287
55103,30,15680
,,
55104,"21,090","1,166,694"
55104,8260,104685
55104,5840,213306
55104,2720,168653
55104,1480,129413
55104,2110,288339
55104,680,262298
,,
55105,"13,140","1,524,482"
55105,3460,39430
55105,2550,96412
55105,1710,106915
55105,1220,108148
55105,2610,370226
55105,1590,803351
,,
55106,"25,790","965,148"
55106,11390,145655
55106,8450,303005
55106,3100,190369
55106,1480,127690
55106,1260,161580
55106,110,36849
,,
55107,"6,620","290,988"
55107,2720,34815
55107,1940,70380
55107,930,57289
55107,500,43252
55107,470,61295
55107,60,23957
,,
55108,"7,120","533,503"
55108,2080,25726
55108,1700,63459
55108,1070,67120
55108,730,64251
55108,1140,158169
55108,400,154778
,,
55109,"17,550","991,817"
55109,5960,72154
55109,4910,180986
55109,2560,158927
55109,1760,154134
55109,2010,266341
55109,350,159275
,,
55110,"20,530","1,804,291"
55110,5780,66720
55110,4390,163233
55110,3070,191930
55110,2470,217092
55110,3630,493489
55110,1190,671827
,,
55112,"22,440","1,641,325"
55112,6900,83362
55112,5320,196854
55112,3250,203524
55112,2280,200421
55112,3620,496038
55112,1070,461126
,,
55113,"21,420","1,511,406"
55113,6420,79045
55113,5100,189160
55113,3230,202314
55113,2200,193101
55113,3490,477119
55113,980,370667
,,
55114,"1,840","105,670"
55114,650,8434
55114,540,20276
55114,290,17766
55114,140,11938
55114,170,23854
55114,50,23402
,,
55115,"4,440","606,507"
55115,1360,13725
55115,620,23119
55115,470,29738
55115,420,37730
55115,1010,144227
55115,560,357968
,,
55116,"13,090","1,274,909"
55116,3660,44382
55116,2980,111221
55116,1830,114105
55116,1230,107899
55116,2230,315810
55116,1160,581492
,,
55117,"21,140","1,003,072"
55117,8350,108999
55117,6360,230473
55117,2690,166719
55117,1590,138962
55117,1820,242121
55117,330,115798
,,
55118,"15,010","1,471,465"
55118,4760,56577
55118,3450,127442
55118,2130,132702
55118,1360,119841
55118,2180,301187
55118,1130,733716
,,
55119,"20,620","1,054,391"
55119,7240,92266
55119,6140,224395
55119,3100,191453
55119,1700,148053
55119,2060,276831
55119,380,121393
,,
55120,"2,380","253,523"
55120,600,6263
55120,440,16662
55120,310,19089
55120,230,20074
55120,470,68104
55120,330,123331
,,
55121,"4,820","299,220"
55121,1310,17365
55121,1410,52116
55121,860,53430
55121,480,42054
55121,620,85392
55121,140,48863
,,
55122,"17,220","1,324,309"
55122,4640,55467
55122,4000,150299
55122,2750,172322
55122,1820,160023
55122,2990,410488
55122,1020,375710
,,
55123,"13,740","1,441,566"
55123,3690,38631
55123,2200,82414
55123,1560,98272
55123,1380,121921
55123,3380,482015
55123,1530,618313
,,
55124,"26,710","2,099,134"
55124,7480,87166
55124,5560,208311
55124,3910,245265
55124,2960,260928
55124,5260,723169
55124,1540,574295
,,
55125,"22,340","2,066,242"
55125,5840,63355
55125,3950,149440
55125,3110,195552
55125,2500,219594
55125,4960,692673
55125,1980,745628
,,
55126,"13,910","1,323,127"
55126,3540,39357
55126,2590,98070
55126,2030,127371
55126,1630,143928
55126,2980,414649
55126,1140,499752
,,
55127,"9,480","1,502,853"
55127,2380,27245
55127,1730,65217
55127,1230,77158
55127,960,84487
55127,1830,258074
55127,1350,990672
,,
55128,"15,950","937,209"
55128,5170,61382
55128,3970,147602
55128,2430,151214
55128,1740,152250
55128,2300,307230
55128,340,117531
,,
55129,"10,950","1,397,266"
55129,2370,23576
55129,1300,49665
55129,1190,75302
55129,1070,94374
55129,3110,451262
55129,1910,703087
,,
55130,"7,420","223,825"
55130,3890,50142
55130,2430,84651
55130,640,38612
55130,260,22761
55130,200,27659
55130,**,**
,,
55301,"5,320","371,955"
55301,1310,14959
55301,1060,40220
55301,950,60020
55301,760,67572
55301,1110,146297
55301,130,42887
,,
55302,"3,410","241,746"
55302,1100,13463
55302,750,27729
55302,530,33518
55302,400,35095
55302,500,67332
55302,130,64609
,,
55303,"24,310","1,608,236"
55303,7390,88847
55303,5600,209296
55303,3810,238101
55303,2900,254693
55303,3880,519230
55303,730,298069
,,
55304,"23,160","2,034,305"
55304,6670,73493
55304,3750,140650
55304,2980,188547
55304,2790,246854
55304,5480,757240
55304,1490,627521
,,
55305,"11,430","1,364,391"
55305,2930,33505
55305,2520,95248
55305,1770,110871
55305,1120,99001
55305,1850,261058
55305,1240,764708
,,
55306,"8,730","620,895"
55306,2750,34685
55306,2200,82145
55306,1260,78587
55306,750,65812
55306,1360,188814
55306,410,170852
,,
55307,"1,500","81,303"
55307,480,5645
55307,410,15365
55307,260,16298
55307,160,13940
55307,170,22141
55307,20,7914
,,
55308,"4,310","290,460"
55308,1310,14310
55308,780,29567
55308,680,42546
55308,590,52258
55308,850,112589
55308,100,39190
,,
55309,"9,040","593,250"
55309,2750,30962
55309,1830,68753
55309,1440,90124
55309,1200,105522
55309,1600,211720
55309,220,86169
,,
55310,780,"52,862"
55310,270,3273
55310,160,6136
55310,120,8046
55310,90,7772
55310,100,14111
55310,40,13524
,,
55311,"17,030","2,111,401"
55311,4030,42014
55311,2400,90976
55311,1940,123197
55311,1660,147363
55311,4160,602537
55311,2840,1105314
,,
55312,740,"42,906"
55312,220,2687
55312,180,6962
55312,150,9697
55312,100,8412
55312,90,15148
55312,**,**
,,
55313,"11,410","805,173"
55313,3690,41194
55313,2390,89274
55313,1660,104931
55313,1310,114984
55313,1910,256403
55313,450,198387
,,
55314,570,"33,896"
55314,170,2112
55314,160,6027
55314,90,5497
55314,60,4984
55314,90,15276
55314,**,**
,,
55315,"2,370","225,525"
55315,540,5786
55315,360,13973
55315,310,19712
55315,290,25496
55315,660,93185
55315,210,67373
,,
55316,"12,170","897,549"
55316,3410,39378
55316,2480,93446
55316,1820,114530
55316,1500,131503
55316,2460,333707
55316,500,184985
,,
55317,"10,650","1,388,159"
55317,2860,27990
55317,1500,56984
55317,1170,73683
55317,960,85008
55317,2420,351157
55317,1740,793337
,,
55318,"13,380","1,202,144"
55318,3790,42365
55318,2750,103043
55318,1820,113877
55318,1290,114095
55318,2610,367211
55318,1120,461553
,,
55319,"2,590","184,173"
55319,760,8707
55319,510,19440
55319,360,22898
55319,340,29786
55319,540,72588
55319,80,30754
,,
55320,"2,500","182,694"
55320,700,8526
55320,580,21747
55320,430,27205
55320,290,25256
55320,410,53246
55320,90,46714
,,
55321,"2,360","131,492"
55321,870,9867
55321,530,20354
55321,380,24161
55321,250,22267
55321,290,38522
55321,40,16321
,,
55322,"1,650","120,086"
55322,440,4964
55322,300,11281
55322,260,16283
55322,250,22100
55322,330,44101
55322,70,21357
,,
55324,590,"45,385"
55324,150,1894
55324,140,5253
55324,90,5613
55324,90,8120
55324,90,12653
55324,30,11852
,,
55325,"2,090","131,186"
55325,650,7483
55325,480,17763
55325,330,20760
55325,280,25050
55325,290,38824
55325,60,21306
,,
55327,"1,860","174,748"
55327,500,5457
55327,310,11798
55327,270,16650
55327,230,20553
55327,410,56142
55327,140,64148
,,
55328,"4,290","334,702"
55328,1310,13661
55328,820,30707
55328,520,32969
55328,480,42501
55328,920,126604
55328,240,88260
,,
55329,910,"46,886"
55329,320,3795
55329,250,9312
55329,140,8984
55329,100,9208
55329,100,15587
55329,**,**
,,
55330,"18,940","1,366,164"
55330,5470,63020
55330,3690,138481
55330,2900,182428
55330,2340,206244
55330,3840,517930
55330,700,258061
,,
55331,"9,130","2,058,287"
55331,2470,24137
55331,1210,45382
55331,850,53830
55331,700,62351
55331,1860,272257
55331,2040,1600330
,,
55332,890,"51,331"
55332,300,3766
55332,240,9345
55332,150,9688
55332,90,8244
55332,110,20288
55332,**,**
,,
55333,350,"17,071"
55333,120,1581
55333,100,3812
55333,60,3686
55333,40,3369
55333,30,4623
55333,**,**
,,
55334,"1,440","70,219"
55334,480,5786
55334,420,15470
55334,260,16470
55334,150,13308
55334,130,19185
55334,**,**
,,
55335,770,"39,186"
55335,260,3248
55335,210,7841
55335,140,8877
55335,90,7579
55335,70,11641
55335,**,**
,,
55336,"4,000","216,422"
55336,1290,16641
55336,1100,40874
55336,650,40754
55336,470,41597
55336,440,56455
55336,50,20101
,,
55337,"24,050","1,507,968"
55337,7620,95240
55337,6110,227071
55337,3650,227228
55337,2410,212250
55337,3580,484535
55337,680,261644
,,
55338,580,"31,968"
55338,150,1765
55338,150,5751
55338,120,7258
55338,80,6832
55338,80,10362
55338,**,**
,,
55339,510,"31,470"
55339,150,1852
55339,130,5077
55339,70,4198
55339,60,5167
55339,100,15176
55339,**,**
,,
55340,"3,440","674,763"
55340,940,9957
55340,440,16194
55340,300,18881
55340,310,27078
55340,700,102778
55340,750,499875
,,
55341,"1,370","127,859"
55341,330,3534
55341,160,5928
55341,160,9909
55341,180,15635
55341,450,61735
55341,90,31118
,,
55342,920,"62,198"
55342,300,3911
55342,230,8791
55342,140,8938
55342,110,9348
55342,100,13716
55342,40,17494
,,
55343,"14,340","1,015,764"
55343,4200,51054
55343,3750,140986
55343,2590,162293
55343,1360,119435
55343,1800,245793
55343,640,296203
,,
55344,"8,210","682,022"
55344,2020,25880
55344,2050,77115
55344,1490,93663
55344,1040,90411
55344,1150,156969
55344,460,237984
,,
55345,"11,240","1,303,873"
55345,3030,32179
55345,1680,63382
55345,1270,80084
55345,1140,101132
55345,2700,385074
55345,1420,642022
,,
55346,"8,790","927,725"
55346,2250,23270
55346,1340,50621
55346,1050,65605
55346,930,82511
55346,2260,319627
55346,960,386091
,,
55347,"14,980","2,443,591"
55347,3560,35051
55347,2000,75085
55347,1550,97491
55347,1320,116872
55347,3540,520115
55347,3010,1598977
,,
55349,"1,840","111,475"
55349,580,6843
55349,460,17374
55349,320,19686
55349,230,20272
55349,210,28769
55349,40,18531
,,
55350,"9,170","538,171"
55350,3050,36433
55350,2200,81572
55350,1510,94350
55350,1040,91681
55350,1170,153523
55350,200,80612
,,
55352,"4,620","340,761"
55352,1400,14924
55352,980,36962
55352,630,39305
55352,510,45503
55352,880,118787
55352,220,85280
,,
55353,"1,490","97,383"
55353,450,5246
55353,350,12915
55353,260,16659
55353,230,19897
55353,170,22768
55353,30,19898
,,
55354,"1,300","76,954"
55354,370,4270
55354,340,12615
55354,220,13916
55354,180,15532
55354,170,22855
55354,20,7766
,,
55355,"4,670","260,153"
55355,1620,19398
55355,1210,44497
55355,710,44806
55355,520,45560
55355,500,65922
55355,110,39970
,,
55356,"2,690","652,516"
55356,790,7856
55356,320,12173
55356,290,18624
55356,210,18252
55356,460,65994
55356,620,529617
,,
55357,"1,650","187,347"
55357,480,4954
55357,250,9483
55357,190,11764
55357,180,16386
55357,340,47800
55357,210,96960
,,
55358,"2,570","182,860"
55358,820,9054
55358,540,20427
55358,400,25116
55358,320,28445
55358,400,53197
55358,90,46621
,,
55359,"3,100","465,232"
55359,840,9120
55359,560,21215
55359,380,24214
55359,300,26477
55359,580,81453
55359,440,302753
,,
55360,"1,350","98,534"
55360,330,3886
55360,240,9249
55360,240,15100
55360,220,19056
55360,280,36804
55360,40,14439
,,
55362,"9,260","587,821"
55362,3040,34695
55362,1990,73976
55362,1410,88033
55362,1080,94666
55362,1490,197846
55362,250,98605
,,
55363,"2,260","128,772"
55363,670,8242
55363,570,21499
55363,400,24963
55363,310,26939
55363,280,37034
55363,30,10095
,,
55364,"7,570","935,510"
55364,2060,22430
55364,1450,54813
55364,970,60597
55364,730,64728
55364,1400,198536
55364,960,534406
,,
55367,470,"29,677"
55367,140,1743
55367,110,4091
55367,90,5527
55367,60,4887
55367,70,13429
55367,**,**
,,
55368,"1,170","70,519"
55368,380,4092
55368,320,12337
55368,170,11053
55368,120,10414
55368,150,20060
55368,30,12563
,,
55369,"18,650","1,415,380"
55369,4810,56185
55369,3850,144109
55369,2930,183623
55369,2310,203154
55369,3870,529084
55369,880,299225
,,
55370,400,"26,125"
55370,110,1287
55370,90,3330
55370,70,4485
55370,50,4212
55370,80,12811
55370,**,**
,,
55371,"7,930","453,468"
55371,2590,31181
55371,1890,70478
55371,1360,84411
55371,960,84289
55371,1000,129828
55371,130,53281
,,
55372,"15,920","1,847,844"
55372,4230,45737
55372,2610,97581
55372,1930,121540
55372,1570,138944
55372,3630,515035
55372,1950,929007
,,
55373,"2,770","200,580"
55373,830,10048
55373,650,24036
55373,400,25142
55373,300,26616
55373,460,63037
55373,130,51701
,,
55374,"6,900","659,285"
55374,1830,18872
55374,1000,37171
55374,790,50237
55374,770,68558
55374,1910,267554
55374,600,216893
,,
55375,"1,830","157,839"
55375,440,4719
55375,280,10283
55375,240,15331
55375,230,20539
55375,530,74175
55375,110,32792
,,
55376,"7,790","669,957"
55376,2150,22389
55376,1200,45461
55376,1060,66800
55376,970,86028
55376,1960,268840
55376,450,180439
,,
55378,"14,020","1,187,815"
55378,3790,42321
55378,2470,91996
55378,1810,113684
55378,1550,137164
55378,3370,471347
55378,1030,331303
,,
55379,"21,340","1,654,292"
55379,6210,72652
55379,4760,177530
55379,3070,190924
55379,2210,193751
55379,3950,541760
55379,1140,477675
,,
55381,990,"54,095"
55381,320,4200
55381,230,8447
55381,190,12238
55381,120,10885
55381,130,18325
55381,**,**
,,
55382,"1,780","120,544"
55382,540,6415
55382,370,13790
55382,290,18027
55382,240,20911
55382,270,35616
55382,70,25785
,,
55384,980,"72,905"
55384,320,3678
55384,250,9428
55384,140,8703
55384,90,7606
55384,110,16156
55384,70,27334
,,
55385,630,"35,141"
55385,220,2825
55385,150,5667
55385,110,7204
55385,70,6240
55385,80,13205
55385,**,**
,,
55386,"3,420","453,558"
55386,820,7898
55386,310,11678
55386,310,19404
55386,300,26787
55386,1010,148178
55386,670,239613
,,
55387,"6,330","573,803"
55387,1780,18936
55387,1010,38308
55387,820,52034
55387,690,60923
55387,1570,218370
55387,460,185232
,,
55388,"2,680","188,539"
55388,820,8908
55388,540,20406
55388,420,26412
55388,340,29806
55388,460,60870
55388,100,42137
,,
55389,"1,260","71,634"
55389,400,4830
55389,320,11661
55389,230,14412
55389,160,13822
55389,120,16252
55389,30,10657
,,
55390,"1,230","77,075"
55390,340,4387
55390,310,11870
55390,210,13592
55390,160,13979
55390,180,24070
55390,30,9177
,,
55391,"7,890","2,774,257"
55391,1980,19254
55391,1020,38878
55391,770,49187
55391,590,52742
55391,1410,204922
55391,2120,2409274
,,
55395,"1,470","83,237"
55395,500,6048
55395,390,14300
55395,240,14909
55395,160,14077
55395,140,17510
55395,40,16393
,,
55396,"1,030","56,055"
55396,340,4191
55396,280,10610
55396,190,12282
55396,110,10062
55396,90,12541
55396,20,6369
,,
55397,"1,370","83,576"
55397,380,4626
55397,320,12168
55397,230,14119
55397,200,17620
55397,210,27054
55397,30,7989
,,
55398,"7,510","495,805"
55398,2200,25209
55398,1520,57441
55398,1270,79283
55398,1030,90974
55398,1300,169698
55398,190,73200
,,
55401,"6,560","951,609"
55401,860,11630
55401,1060,41432
55401,1410,90074
55401,950,83565
55401,1470,204931
55401,810,519977
,,
55402,860,"565,582"
55402,170,1822
55402,120,4467
55402,130,8043
55402,90,8050
55402,130,17703
55402,220,525497
,,
55403,"9,970","1,006,822"
55403,2910,38807
55403,2850,106319
55403,1630,101144
55403,820,71510
55403,1020,143378
55403,740,545664
,,
55404,"12,310","467,957"
55404,6200,81264
55404,3860,138292
55404,1160,70553
55404,480,42050
55404,460,63035
55404,150,72763
,,
55405,"8,650","994,104"
55405,2780,38045
55405,2610,97112
55405,1190,73958
55405,570,50170
55405,800,111934
55405,700,622885
,,
55406,"18,550","1,158,199"
55406,5490,72663
55406,4820,182648
55406,3220,201563
55406,2010,176243
55406,2510,339826
55406,500,185256
,,
55407,"18,890","868,889"
55407,7460,101262
55407,5620,205752
55407,2530,157321
55407,1440,126433
55407,1660,221254
55407,180,56867
,,
55408,"18,840","1,076,675"
55408,6200,89183
55408,6400,236940
55408,2990,184310
55408,1260,109530
55408,1400,192277
55408,590,264435
,,
55409,"6,380","472,111"
55409,1840,24063
55409,1730,64539
55409,1020,63502
55409,600,52571
55409,890,123935
55409,300,143501
,,
55410,"10,360","1,458,333"
55410,2140,23816
55410,1590,60851
55410,1340,85044
55410,1010,89893
55410,2440,353716
55410,1840,845013
,,
55411,"12,210","382,828"
55411,6770,87606
55411,3580,126454
55411,1020,62267
55411,440,37930
55411,340,44387
55411,60,24184
,,
55412,"10,690","419,444"
55412,4700,59978
55412,3220,117401
55412,1440,88398
55412,680,58757
55412,590,76097
55412,60,18813
,,
55413,"7,310","439,713"
55413,2230,30399
55413,2380,88497
55413,1260,78044
55413,550,47384
55413,690,94786
55413,200,100603
,,
55414,"11,000","555,750"
55414,5710,70394
55414,2690,96702
55414,980,60418
55414,480,41862
55414,730,101939
55414,410,184435
,,
55415,"1,400","210,499"
55415,300,3547
55415,220,8484
55415,220,14044
55415,140,12575
55415,270,38626
55415,250,133223
,,
55416,"18,510","2,074,533"
55416,3800,46018
55416,4220,162749
55416,3320,208249
55416,1930,169626
55416,3230,460630
55416,2010,1027261
,,
55417,"13,570","1,009,540"
55417,3350,40915
55417,3000,114319
55417,2190,137464
55417,1660,145929
55417,2730,375387
55417,640,195526
,,
55418,"16,850","1,018,999"
55418,5160,68493
55418,4540,169645
55418,2770,172148
55418,1730,151591
55418,2220,298551
55418,430,158571
,,
55419,"13,900","1,666,840"
55419,3420,39990
55419,2550,95967
55419,1830,115075
55419,1360,120695
55419,2960,425929
55419,1780,869184
,,
55420,"12,090","623,343"
55420,4150,52842
55420,3490,128907
55420,1980,122327
55420,1150,100584
55420,1170,152985
55420,150,65698
,,
55421,"14,950","721,271"
55421,5500,70321
55421,4510,165496
55421,2420,149173
55421,1200,104350
55421,1150,148922
55421,170,83009
,,
55422,"15,170","1,155,543"
55422,4300,51777
55422,3670,137723
55422,2470,154625
55422,1610,141898
55422,2380,323207
55422,740,346313
,,
55423,"19,720","1,085,549"
55423,6200,79640
55423,5490,204033
55423,3330,207501
55423,2080,182117
55423,2320,305719
55423,300,106539
,,
55424,"4,610","1,464,927"
55424,1130,10550
55424,420,15771
55424,320,20105
55424,270,24556
55424,830,123326
55424,1640,1270619
,,
55425,"4,970","245,591"
55425,1750,22980
55425,1610,58752
55425,730,44657
55425,420,37078
55425,390,51197
55425,70,30927
,,
55426,"14,520","1,012,479"
55426,3820,48463
55426,3780,143057
55426,2570,159596
55426,1530,134206
55426,2260,305981
55426,560,221176
,,
55427,"12,730","840,448"
55427,3700,43590
55427,3050,114277
55427,2000,125049
55427,1340,117193
55427,2210,299538
55427,430,140801
,,
55428,"15,530","731,287"
55428,5680,71088
55428,4690,171273
55428,2230,137442
55428,1360,119064
55428,1440,185875
55428,130,46545
,,
55429,"14,170","577,061"
55429,5570,73904
55429,4840,175586
55429,1960,120386
55429,920,79716
55429,810,103009
55429,70,24460
,,
55430,"11,460","456,337"
55430,4500,59551
55430,3980,144995
55430,1620,99249
55430,780,67756
55430,530,67625
55430,50,17161
,,
55431,"10,730","730,258"
55431,3120,36957
55431,2390,89266
55431,1680,105110
55431,1280,112353
55431,1910,258080
55431,350,128492
,,
55432,"16,270","853,081"
55432,5600,71980
55432,4640,170751
55432,2610,162033
55432,1540,134482
55432,1650,216345
55432,230,97490
,,
55433,"17,630","938,978"
55433,5760,72852
55433,4940,183507
55433,3000,185529
55433,1820,157395
55433,1880,242696
55433,230,96999
,,
55434,"15,330","844,094"
55434,4770,59629
55434,4040,151122
55434,2650,164806
55434,1720,150167
55434,1970,253947
55434,180,64423
,,
55435,"6,970","694,879"
55435,1810,20519
55435,1390,52587
55435,1190,74952
55435,760,66348
55435,1160,164447
55435,660,316026
,,
55436,"7,040","1,576,570"
55436,1680,16846
55436,920,34578
55436,800,50135
55436,610,53906
55436,1390,204398
55436,1640,1216707
,,
55437,"10,160","847,073"
55437,2800,33254
55437,2270,85751
55437,1530,96151
55437,1080,95595
55437,1860,258356
55437,620,277966
,,
55438,"9,350","957,471"
55438,2260,26576
55438,1910,72045
55438,1420,89050
55438,930,82219
55438,1870,265692
55438,960,421889
,,
55439,"4,600","1,028,280"
55439,1070,10673
55439,620,23409
55439,430,27486
55439,380,34128
55439,900,132507
55439,1200,800077
,,
55441,"9,670","899,420"
55441,2600,30695
55441,2210,82906
55441,1380,86210
55441,930,82230
55441,1740,244774
55441,810,372605
,,
55442,"7,080","700,510"
55442,1740,19283
55442,1280,48589
55442,970,60924
55442,720,64300
55442,1610,229980
55442,760,277434
,,
55443,"17,230","1,140,228"
55443,5550,68269
55443,4260,156091
55443,2200,136867
55443,1650,144583
55443,2820,387820
55443,750,246598
,,
55444,"8,570","455,636"
55444,2680,34245
55444,2530,93472
55444,1390,86312
55444,900,78383
55444,980,127939
55444,90,35285
,,
55445,"5,860","388,098"
55445,1700,20941
55445,1570,57873
55445,880,54705
55445,570,50275
55445,900,123281
55445,240,81023
,,
55446,"10,840","1,485,946"
55446,2400,23597
55446,1470,55720
55446,1260,80140
55446,970,85890
55446,2650,388425
55446,2090,852174
,,
55447,"10,950","1,201,751"
55447,2960,33054
55447,1960,74444
55447,1410,89449
55447,1050,92604
55447,2270,326046
55447,1300,586154
,,
55448,"14,800","916,587"
55448,4320,52471
55448,3630,135587
55448,2500,155581
55448,1740,152797
55448,2240,297655
55448,370,122496
,,
55449,"13,400","1,301,836"
55449,3160,35951
55449,2260,85482
55449,1920,120950
55449,1510,133739
55449,3380,472373
55449,1170,453341
,,
55454,"2,970","77,863"
55454,1970,25157
55454,710,24669
55454,160,9793
55454,60,5281
55454,70,12963
55454,**,**
,,
55455,130,"3,645"
55455,100,721
55455,30,2924
55455,**,**
55455,0,0
55455,**,**
55455,**,**
,,
55603,240,"10,503"
55603,100,1299
55603,60,2044
55603,30,2032
55603,20,1983
55603,30,3145
55603,**,**
,,
55604,"1,890","104,539"
55604,680,8657
55604,450,16948
55604,320,20901
55604,210,18267
55604,200,27704
55604,30,12062
,,
55605,350,"10,976"
55605,160,2116
55605,130,4418
55605,40,2286
55605,20,2156
55605,**,**
55605,**,**
,,
55606,140,"7,625"
55606,50,640
55606,40,1341
55606,30,2296
55606,**,**
55606,20,3348
55606,**,**
,,
55612,330,"16,077"
55612,140,1941
55612,70,2650
55612,40,2865
55612,40,3110
55612,40,5511
55612,**,**
,,
55613,100,"4,774"
55613,40,598
55613,40,1919
55613,**,**
55613,20,2257
55613,**,**
55613,**,**
,,
55614,"1,190","63,375"
55614,410,4950
55614,280,10451
55614,190,12171
55614,150,13389
55614,160,22414
55614,**,**
,,
55615,140,"7,879"
55615,40,487
55615,50,1778
55615,20,1484
55615,30,4130
55615,**,**
55615,**,**
,,
55616,"3,400","181,270"
55616,1230,15028
55616,780,28795
55616,520,32635
55616,400,34578
55616,420,55094
55616,50,15140
,,
55702,240,"13,886"
55702,70,750
55702,50,1690
55702,50,3333
55702,30,2450
55702,40,5663
55702,**,**
,,
55703,320,"16,754"
55703,100,1224
55703,70,2664
55703,70,4188
55703,40,3789
55703,40,4889
55703,**,**
,,
55704,510,"24,378"
55704,180,2252
55704,140,4892
55704,80,4953
55704,60,5325
55704,50,6956
55704,**,**
,,
55705,"1,470","74,868"
55705,530,6620
55705,360,13039
55705,230,14229
55705,180,15613
55705,150,19543
55705,20,5824
,,
55706,850,"39,330"
55706,340,4524
55706,220,8136
55706,110,6710
55706,90,8072
55706,90,11888
55706,**,**
,,
55707,"1,530","81,843"
55707,500,5991
55707,360,13576
55707,280,17447
55707,190,16924
55707,200,27905
55707,**,**
,,
55709,"1,840","94,180"
55709,660,8343
55709,420,15392
55709,330,20424
55709,200,17083
55709,210,27005
55709,20,5933
,,
55710,640,"42,058"
55710,190,2235
55710,120,4203
55710,90,6063
55710,100,9048
55710,140,20509
55710,**,**
,,
55711,220,"11,056"
55711,80,1093
55711,50,1858
55711,50,3278
55711,20,2094
55711,20,2733
55711,**,**
,,
55712,230,"10,112"
55712,90,965
55712,60,2389
55712,40,2179
55712,40,4579
55712,**,**
55712,**,**
,,
55717,160,"9,770"
55717,40,448
55717,30,1051
55717,30,1544
55717,30,2549
55717,30,4178
55717,**,**
,,
55718,"1,520","87,615"
55718,480,5951
55718,350,12865
55718,250,15406
55718,190,16638
55718,220,27886
55718,30,8869
,,
55719,"2,630","126,075"
55719,1010,12209
55719,660,24093
55719,400,24917
55719,280,24730
55719,250,31442
55719,30,8684
,,
55720,"7,940","425,307"
55720,2810,36288
55720,2060,74845
55720,1290,80287
55720,840,73645
55720,830,108289
55720,110,51953
,,
55721,"1,650","114,863"
55721,530,6439
55721,320,11759
55721,260,16311
55721,220,19388
55721,260,34209
55721,60,26757
,,
55723,"1,160","67,994"
55723,410,5350
55723,280,10450
55723,170,10402
55723,130,11640
55723,140,18510
55723,30,11642
,,
55724,350,"19,466"
55724,110,1331
55724,80,3185
55724,70,4020
55724,40,3829
55724,50,7101
55724,**,**
,,
55726,440,"22,812"
55726,150,1911
55726,100,3513
55726,80,4742
55726,50,4126
55726,60,8520
55726,**,**
,,
55731,"2,770","141,526"
55731,1110,13332
55731,630,23055
55731,430,26672
55731,270,24055
55731,270,35340
55731,60,19072
,,
55732,690,"34,639"
55732,230,2988
55732,170,6082
55732,110,7189
55732,110,9770
55732,70,8610
55732,**,**
,,
55733,"2,300","162,288"
55733,610,7057
55733,420,15687
55733,400,24669
55733,340,30206
55733,470,61906
55733,60,22763
,,
55734,"3,010","161,842"
55734,1050,13373
55734,700,25637
55734,460,29314
55734,360,30904
55734,400,51077
55734,40,11537
,,
55735,800,"37,408"
55735,290,3825
55735,230,8469
55735,130,7927
55735,80,7001
55735,70,10186
55735,**,**
,,
55736,690,"30,785"
55736,270,3542
55736,180,6576
55736,110,6899
55736,80,7268
55736,50,6500
55736,**,**
,,
55738,250,"13,762"
55738,80,1173
55738,50,1892
55738,50,3075
55738,40,3605
55738,30,4017
55738,**,**
,,
55741,"1,540","86,550"
55741,480,6136
55741,350,12881
55741,270,17087
55741,230,20034
55741,210,30412
55741,**,**
,,
55742,150,"8,887"
55742,40,429
55742,30,1097
55742,50,3751
55742,**,**
55742,30,3610
55742,**,**
,,
55744,"9,470","539,176"
55744,3590,44491
55744,2000,73689
55744,1400,88147
55744,1070,93910
55744,1220,160031
55744,190,78908
,,
55746,"8,000","413,006"
55746,3080,38107
55746,1880,68201
55746,1180,74022
55746,910,79545
55746,830,106368
55746,120,46763
,,
55748,610,"28,399"
55748,240,3159
55748,160,5881
55748,90,5722
55748,60,5459
55748,60,8178
55748,**,**
,,
55749,210,"9,964"
55749,60,797
55749,60,2101
55749,40,2441
55749,50,4625
55749,**,**
55749,**,**
,,
55750,900,"42,359"
55750,340,4586
55750,230,8266
55750,130,8189
55750,100,8786
55750,100,12532
55750,**,**
,,
55751,720,"37,901"
55751,220,2926
55751,160,5887
55751,140,8532
55751,100,8312
55751,100,12244
55751,**,**
,,
55752,200,"10,181"
55752,60,704
55752,60,2283
55752,40,2492
55752,40,4702
55752,**,**
55752,**,**
,,
55756,180,"8,416"
55756,70,786
55756,40,1554
55756,40,2664
55756,30,3412
55756,**,**
55756,**,**
,,
55757,370,"16,114"
55757,150,1873
55757,100,3513
55757,60,3881
55757,30,2724
55757,30,4123
55757,**,**
,,
55760,"1,290","61,235"
55760,530,6639
55760,350,12624
55760,170,10364
55760,110,10054
55760,130,21554
55760,**,**
,,
55763,260,"14,504"
55763,80,1031
55763,60,2365
55763,50,3134
55763,40,3679
55763,30,4295
55763,**,**
,,
55765,350,"16,570"
55765,130,1786
55765,80,2944
55765,60,3589
55765,50,4121
55765,30,4130
55765,**,**
,,
55767,"1,780","81,167"
55767,770,7445
55767,420,15741
55767,250,15498
55767,170,14580
55767,150,20692
55767,20,7211
,,
55768,"1,380","79,675"
55768,470,5630
55768,280,10442
55768,200,12830
55768,190,16448
55768,210,25791
55768,30,8534
,,
55769,"1,070","51,575"
55769,400,4977
55769,280,10107
55769,150,9470
55769,120,10884
55769,120,16137
55769,**,**
,,
55771,730,"32,497"
55771,320,3924
55771,180,6476
55771,110,6860
55771,60,5555
55771,60,9682
55771,**,**
,,
55775,590,"35,856"
55775,180,2399
55775,130,4878
55775,100,6395
55775,80,6873
55775,100,15311
55775,**,**
,,
55779,"1,910","126,862"
55779,570,6856
55779,390,14546
55779,350,22022
55779,240,20837
55779,310,40208
55779,50,22393
,,
55780,100,"5,526"
55780,40,521
55780,40,2009
55780,**,**
55780,20,2996
55780,**,**
55780,**,**
,,
55781,380,"27,328"
55781,90,1224
55781,70,2461
55781,70,4041
55781,50,4002
55781,100,15600
55781,**,**
,,
55783,"1,130","60,901"
55783,400,5197
55783,280,10535
55783,190,11820
55783,130,11095
55783,130,22254
55783,**,**
,,
55785,120,"4,668"
55785,60,866
55785,30,1061
55785,30,2741
55785,**,**
55785,**,**
55785,**,**
,,
55787,210,"9,342"
55787,80,1138
55787,60,2061
55787,30,2208
55787,40,3935
55787,**,**
55787,**,**
,,
55790,990,"58,776"
55790,320,4045
55790,230,8149
55790,160,10058
55790,120,10319
55790,130,16731
55790,30,9474
,,
55792,"4,720","229,522"
55792,1880,23101
55792,1180,42753
55792,700,44303
55792,500,43486
55792,400,51231
55792,60,24648
,,
55793,280,"14,463"
55793,100,1388
55793,60,2161
55793,60,3622
55793,30,2595
55793,30,4697
55793,**,**
,,
55795,650,"31,096"
55795,250,3114
55795,180,6794
55795,100,6648
55795,60,5597
55795,60,8943
55795,**,**
,,
55797,730,"40,988"
55797,220,2753
55797,180,6882
55797,130,8196
55797,90,7703
55797,110,15454
55797,**,**
,,
55798,270,"13,265"
55798,100,1279
55798,60,2161
55798,50,3214
55798,30,2881
55798,30,3730
55798,**,**
,,
55802,"1,160","103,364"
55802,480,4946
55802,260,9576
55802,120,7480
55802,110,9207
55802,130,18555
55802,60,53600
,,
55803,"8,770","704,453"
55803,2560,30589
55803,1660,62157
55803,1410,88969
55803,1110,97943
55803,1580,212436
55803,450,212359
,,
55804,"7,450","613,110"
55804,2070,23956
55804,1510,56689
55804,1180,74403
55804,950,83201
55804,1290,173908
55804,450,200953
,,
55805,"4,420","156,550"
55805,2270,29879
55805,1270,45081
55805,490,30493
55805,190,16887
55805,170,21782
55805,30,12428
,,
55806,"4,370","163,608"
55806,2100,28055
55806,1340,48092
55806,520,31569
55806,210,18659
55806,160,21859
55806,40,15374
,,
55807,"4,870","205,103"
55807,1910,24920
55807,1500,54745
55807,730,45437
55807,430,36860
55807,270,33521
55807,30,9620
,,
55808,"2,750","119,215"
55808,1100,14811
55808,800,29081
55808,390,24372
55808,270,23538
55808,190,27413
55808,**,**
,,
55810,"4,300","250,527"
55810,1330,17318
55810,1070,39681
55810,710,44399
55810,530,46526
55810,590,76798
55810,70,25805
,,
55811,"12,460","872,403"
55811,3990,48984
55811,2740,101364
55811,1950,121649
55811,1410,123577
55811,1880,250766
55811,490,226063
,,
55812,"3,710","254,599"
55812,1570,19711
55812,820,29436
55812,390,24241
55812,280,25191
55812,440,60715
55812,210,95305
,,
55901,"27,890","1,808,798"
55901,8420,101428
55901,6520,242483
55901,4440,276820
55901,3070,269836
55901,4570,613081
55901,870,305150
,,
55902,"12,020","1,460,319"
55902,3090,34085
55902,2120,78838
55902,1560,97013
55902,1130,100142
55902,2300,322362
55902,1820,827879
,,
55904,"13,100","664,668"
55904,4820,60694
55904,3610,132514
55904,1850,116081
55904,1230,107210
55904,1420,186737
55904,170,61432
,,
55906,"9,490","776,422"
55906,2990,33786
55906,1890,69241
55906,1220,76363
55906,860,75867
55906,1820,255562
55906,710,265603
,,
55909,640,"38,441"
55909,230,2752
55909,140,5416
55909,100,6131
55909,70,6161
55909,100,17981
55909,**,**
,,
55910,690,"37,490"
55910,220,2961
55910,200,7541
55910,110,7336
55910,90,8144
55910,70,11508
55910,**,**
,,
55912,"13,820","807,989"
55912,5150,63455
55912,4100,148800
55912,1890,117666
55912,1170,102218
55912,1200,158814
55912,310,217036
,,
55917,"1,680","97,977"
55917,520,6543
55917,400,14613
55917,280,17653
55917,210,18107
55917,240,30913
55917,30,10148
,,
55918,460,"25,988"
55918,150,1763
55918,110,4257
55918,80,4950
55918,60,5346
55918,60,9672
55918,**,**
,,
55919,470,"29,540"
55919,150,1798
55919,100,3693
55919,90,5805
55919,50,4728
55919,80,13516
55919,**,**
,,
55920,"3,750","294,506"
55920,1040,11677
55920,730,26910
55920,510,32357
55920,460,40455
55920,830,111396
55920,180,71711
,,
55921,"2,340","123,032"
55921,890,10503
55921,560,20866
55921,350,22329
55921,260,23142
55921,240,31150
55921,40,15042
,,
55922,270,"12,145"
55922,90,1155
55922,90,3405
55922,40,2683
55922,30,2317
55922,20,2585
55922,0,0
,,
55923,"2,170","139,549"
55923,680,7969
55923,520,19537
55923,270,17089
55923,300,26129
55923,330,43196
55923,70,25629
,,
55924,660,"36,058"
55924,220,2776
55924,170,6039
55924,110,6601
55924,70,6351
55924,90,14291
55924,**,**
,,
55925,540,"30,823"
55925,160,2063
55925,130,5056
55925,110,7102
55925,70,6570
55925,70,10032
55925,**,**
,,
55926,390,"23,470"
55926,130,1462
55926,80,3091
55926,70,4197
55926,40,3288
55926,70,11432
55926,**,**
,,
55927,"2,020","125,246"
55927,600,6982
55927,510,19015
55927,340,21188
55927,260,23118
55927,260,33848
55927,50,21095
,,
55929,570,"33,978"
55929,140,1756
55929,140,5510
55929,120,7116
55929,80,6968
55929,90,12628
55929,**,**
,,
55931,170,"10,583"
55931,50,623
55931,60,2230
55931,40,2865
55931,**,**
55931,20,4865
55931,**,**
,,
55932,"1,000","65,415"
55932,300,4002
55932,230,8610
55932,150,9679
55932,120,10788
55932,180,24293
55932,20,8043
,,
55933,120,"6,582"
55933,40,423
55933,50,1991
55933,**,**
55933,30,4168
55933,**,**
55933,**,**
,,
55934,"1,670","106,172"
55934,490,6077
55934,350,13040
55934,260,16141
55934,220,19277
55934,320,41385
55934,30,10252
,,
55935,430,"24,304"
55935,140,1704
55935,110,4168
55935,60,3961
55935,50,4097
55935,70,10374
55935,**,**
,,
55936,920,"52,957"
55936,310,3935
55936,220,8633
55936,150,9111
55936,100,8966
55936,140,22312
55936,**,**
,,
55939,850,"43,145"
55939,320,3770
55939,210,8084
55939,140,9049
55939,110,9404
55939,70,12838
55939,**,**
,,
55940,"1,210","70,760"
55940,380,4278
55940,300,11390
55940,180,11298
55940,150,13240
55940,180,23697
55940,20,6857
,,
55941,540,"27,473"
55941,200,2386
55941,120,4395
55941,90,5588
55941,60,5245
55941,70,9859
55941,**,**
,,
55943,"1,450","77,133"
55943,490,6336
55943,370,13719
55943,270,17323
55943,160,14306
55943,140,18939
55943,20,6510
,,
55944,"3,680","215,581"
55944,1150,12733
55944,850,31908
55944,540,33994
55944,440,38486
55944,650,84978
55944,50,13482
,,
55945,720,"39,489"
55945,250,3100
55945,190,7112
55945,120,7254
55945,70,6552
55945,90,15471
55945,**,**
,,
55946,"1,570","88,689"
55946,490,6212
55946,400,15050
55946,290,18280
55946,180,15813
55946,180,24879
55946,30,8455
,,
55947,"3,800","271,072"
55947,1220,13923
55947,790,29332
55947,590,37423
55947,450,39764
55947,600,80192
55947,150,70438
,,
55949,870,"45,554"
55949,320,3861
55949,200,7395
55949,140,8998
55949,90,8020
55949,120,17280
55949,**,**
,,
55951,700,"37,795"
55951,230,2806
55951,190,7312
55951,120,7610
55951,70,5900
55951,90,14167
55951,**,**
,,
55952,"1,170","67,274"
55952,370,4557
55952,310,11612
55952,170,10498
55952,150,13143
55952,140,19034
55952,30,8430
,,
55953,390,"20,841"
55953,110,1388
55953,100,3822
55953,80,4697
55953,60,5171
55953,40,5763
55953,**,**
,,
55954,670,"31,369"
55954,240,3248
55954,190,7138
55954,120,7521
55954,60,4854
55954,60,8608
55954,**,**
,,
55955,"1,360","102,273"
55955,440,4487
55955,220,8549
55955,160,10209
55955,150,13570
55955,320,45087
55955,70,20371
,,
55956,950,"58,769"
55956,280,3417
55956,220,8049
55956,150,9469
55956,120,10320
55956,160,20905
55956,20,6609
,,
55957,360,"21,064"
55957,120,1488
55957,80,3078
55957,60,3730
55957,50,4713
55957,50,8055
55957,**,**
,,
55959,"1,060","56,845"
55959,350,4267
55959,280,10291
55959,170,10907
55959,120,10788
55959,120,15202
55959,20,5390
,,
55960,"1,570","136,746"
55960,450,5283
55960,240,8957
55960,180,11049
55960,170,14799
55960,410,57711
55960,120,38947
,,
55961,190,"9,458"
55961,60,662
55961,50,1716
55961,30,1611
55961,30,2321
55961,20,3148
55961,**,**
,,
55962,340,"18,650"
55962,110,1489
55962,90,3402
55962,50,3281
55962,40,3307
55962,50,7171
55962,**,**
,,
55963,"2,590","178,394"
55963,760,9078
55963,530,20054
55963,360,23062
55963,350,30859
55963,510,67392
55963,80,27949
,,
55964,"2,280","125,676"
55964,800,9726
55964,520,19760
55964,370,23389
55964,260,22670
55964,290,37556
55964,40,12575
,,
55965,"1,100","62,746"
55965,360,4420
55965,290,10574
55965,190,11893
55965,110,10085
55965,130,17418
55965,20,8356
,,
55967,460,"29,462"
55967,120,1491
55967,110,4050
55967,70,4123
55967,60,5416
55967,100,14382
55967,**,**
,,
55969,520,"29,923"
55969,150,1727
55969,130,5052
55969,80,5254
55969,70,5792
55969,90,12098
55969,**,**
,,
55970,430,"24,806"
55970,120,1462
55970,110,3847
55970,80,4934
55970,40,3168
55970,80,11395
55970,**,**
,,
55971,"1,490","78,639"
55971,520,6266
55971,370,13687
55971,250,15792
55971,170,15261
55971,150,19885
55971,30,7748
,,
55972,"2,330","140,281"
55972,740,9182
55972,540,20006
55972,370,23236
55972,280,24736
55972,350,45519
55972,50,17602
,,
55973,130,"6,649"
55973,40,494
55973,40,1348
55973,20,1539
55973,30,3268
55973,**,**
55973,**,**
,,
55974,970,"48,066"
55974,350,4596
55974,260,9431
55974,170,10524
55974,110,10115
55974,80,13400
55974,**,**
,,
55975,"2,010","118,810"
55975,680,8615
55975,520,19625
55975,300,18844
55975,210,18819
55975,260,34142
55975,40,18765
,,
55976,"3,910","231,375"
55976,1310,15240
55976,890,32824
55976,560,35477
55976,450,39723
55976,630,82825
55976,70,25286
,,
55979,420,"22,435"
55979,130,1851
55979,130,4602
55979,80,5153
55979,40,3822
55979,40,7007
55979,**,**
,,
55981,"2,040","119,025"
55981,730,8349
55981,480,17525
55981,310,19196
55981,230,19815
55981,220,28672
55981,70,25468
,,
55982,210,"10,853"
55982,70,924
55982,50,1955
55982,60,4165
55982,**,**
55982,30,3809
55982,**,**
,,
55983,730,"41,493"
55983,230,2732
55983,160,5881
55983,140,8835
55983,80,7282
55983,120,16763
55983,**,**
,,
55985,900,"50,450"
55985,290,3654
55985,230,8517
55985,160,9680
55985,100,9174
55985,120,19425
55985,**,**
,,
55987,"15,110","889,970"
55987,5750,69055
55987,3890,143089
55987,2110,131841
55987,1440,125906
55987,1530,200203
55987,390,219876
,,
55990,450,"22,352"
55990,170,2138
55990,110,4225
55990,70,4573
55990,50,4434
55990,50,6982
55990,**,**
,,
55991,640,"44,823"
55991,200,2649
55991,120,4479
55991,80,4948
55991,90,7471
55991,130,17582
55991,20,7694
,,
55992,"2,390","154,478"
55992,740,8810
55992,530,20300
55992,360,22771
55992,280,24552
55992,410,55127
55992,70,22918
,,
56001,"21,200","1,179,853"
56001,9080,107994
56001,5030,184860
56001,2600,161941
56001,1840,161906
56001,2080,275422
56001,570,287730
,,
56003,"7,560","501,880"
56003,2490,29483
56003,1770,65435
56003,1080,68030
56003,800,70053
56003,1160,154286
56003,260,114593
,,
56007,"10,240","534,714"
56007,4020,47912
56007,2820,102768
56007,1400,87466
56007,910,79983
56007,860,112264
56007,230,104321
,,
56009,750,"41,159"
56009,240,2959
56009,180,6692
56009,140,8619
56009,90,7851
56009,100,15038
56009,**,**
,,
56010,540,"32,762"
56010,180,2293
56010,120,4620
56010,100,6446
56010,60,5410
56010,80,13993
56010,**,**
,,
56011,"4,380","280,409"
56011,1190,13585
56011,1010,37891
56011,750,47148
56011,580,51526
56011,750,98541
56011,100,31718
,,
56013,"2,190","121,290"
56013,810,9554
56013,520,19142
56013,350,22123
56013,230,20398
56013,230,32054
56013,50,18019
,,
56014,340,"16,926"
56014,130,1643
56014,80,3008
56014,50,3491
56014,40,3034
56014,40,5750
56014,**,**
,,
56016,480,"26,642"
56016,140,1692
56016,160,5829
56016,80,5099
56016,50,4039
56016,50,9983
56016,**,**
,,
56017,820,"56,685"
56017,220,2469
56017,170,6286
56017,130,8064
56017,120,10446
56017,150,19639
56017,30,9781
,,
56019,430,"22,512"
56019,150,1893
56019,100,3938
56019,80,5271
56019,50,4525
56019,50,6885
56019,**,**
,,
56021,530,"33,568"
56021,140,1630
56021,120,4627
56021,100,6386
56021,90,8093
56021,80,12832
56021,**,**
,,
56023,230,"11,042"
56023,80,1066
56023,70,2800
56023,40,2330
56023,40,4846
56023,**,**
56023,**,**
,,
56024,"1,580","88,882"
56024,510,6127
56024,380,14329
56024,250,15481
56024,210,18086
56024,210,27091
56024,20,7768
,,
56025,260,"15,355"
56025,70,878
56025,70,2501
56025,50,3033
56025,30,2695
56025,40,6248
56025,**,**
,,
56026,960,"59,655"
56026,300,3658
56026,240,9350
56026,160,10265
56026,120,10028
56026,120,16581
56026,20,9773
,,
56027,370,"16,755"
56027,160,1951
56027,100,3586
56027,70,4885
56027,**,**
56027,40,6333
56027,**,**
,,
56028,640,"45,633"
56028,190,2152
56028,140,5260
56028,100,6010
56028,90,7779
56028,100,13655
56028,20,10777
,,
56029,320,"16,925"
56029,90,1043
56029,100,3936
56029,60,3741
56029,40,3609
56029,30,4596
56029,**,**
,,
56031,"6,240","362,018"
56031,2490,27889
56031,1490,54575
56031,880,56166
56031,570,49665
56031,630,85207
56031,180,88516
,,
56033,150,"9,660"
56033,40,655
56033,40,1585
56033,40,2768
56033,**,**
56033,30,4652
56033,**,**
,,
56034,260,"14,991"
56034,70,826
56034,70,2629
56034,50,3065
56034,30,2960
56034,40,5511
56034,**,**
,,
56036,950,"50,232"
56036,320,4056
56036,260,9433
56036,170,10705
56036,90,7526
56036,110,18512
56036,**,**
,,
56037,750,"50,735"
56037,220,2837
56037,170,6266
56037,120,7941
56037,110,9406
56037,100,14475
56037,30,9810
,,
56039,490,"28,652"
56039,170,2128
56039,100,3658
56039,100,6642
56039,50,4295
56039,70,11929
56039,**,**
,,
56041,570,"31,678"
56041,170,2269
56041,160,5950
56041,100,6495
56041,70,5819
56041,70,11145
56041,**,**
,,
56042,320,"19,549"
56042,100,1292
56042,90,3568
56042,50,3360
56042,40,3736
56042,40,7593
56042,**,**
,,
56043,270,"14,058"
56043,100,1205
56043,60,2227
56043,50,2795
56043,30,2717
56043,30,5114
56043,**,**
,,
56044,"1,030","62,684"
56044,310,3291
56044,260,9973
56044,160,10384
56044,130,11590
56044,150,19458
56044,20,7988
,,
56045,370,"23,115"
56045,110,1351
56045,100,3565
56045,70,4226
56045,30,2778
56045,60,11195
56045,**,**
,,
56048,"1,970","112,722"
56048,600,6995
56048,500,18160
56048,350,22269
56048,250,21547
56048,230,30236
56048,40,13515
,,
56050,760,"54,601"
56050,250,2829
56050,170,6130
56050,110,6836
56050,90,7591
56050,120,15643
56050,20,15572
,,
56051,320,"13,175"
56051,130,1496
56051,90,3540
56051,60,4319
56051,40,3820
56051,**,**
56051,**,**
,,
56052,390,"20,669"
56052,130,1530
56052,90,3432
56052,70,4457
56052,50,4120
56052,50,7130
56052,**,**
,,
56054,460,"25,928"
56054,140,1952
56054,130,5023
56054,80,4818
56054,60,5474
56054,50,8661
56054,**,**
,,
56055,"1,930","124,999"
56055,600,6971
56055,440,16672
56055,330,20769
56055,260,22657
56055,250,33411
56055,50,24519
,,
56057,"1,850","105,615"
56057,590,7068
56057,490,17816
56057,280,17165
56057,220,19316
56057,240,31931
56057,30,12319
,,
56058,"3,100","172,135"
56058,1040,12107
56058,800,29515
56058,470,29283
56058,360,31227
56058,360,47617
56058,70,22386
,,
56060,210,"12,225"
56060,80,859
56060,50,2097
56060,40,2695
56060,20,2377
56060,20,4197
56060,**,**
,,
56062,"1,570","82,443"
56062,580,6698
56062,420,15503
56062,260,16236
56062,140,12386
56062,140,19021
56062,30,12599
,,
56063,"1,410","119,450"
56063,390,4814
56063,300,11180
56063,200,12497
56063,160,14406
56063,250,32795
56063,110,43758
,,
56065,"1,320","74,009"
56065,450,5355
56065,340,12747
56065,210,13584
56065,140,12834
56065,150,19246
56065,30,10243
,,
56068,540,"29,323"
56068,190,2524
56068,150,5758
56068,80,5030
56068,60,5171
56068,60,10840
56068,**,**
,,
56069,"2,340","123,483"
56069,770,9344
56069,600,22031
56069,430,26836
56069,260,22727
56069,250,32045
56069,30,10500
,,
56071,"5,900","419,804"
56071,1830,19818
56071,1170,43861
56071,840,53363
56071,710,62868
56071,1100,149502
56071,250,90392
,,
56072,"1,110","64,111"
56072,360,4717
56072,290,10877
56072,180,11069
56072,140,12726
56072,120,17046
56072,20,7676
,,
56073,"8,660","487,127"
56073,2980,35821
56073,2210,83372
56073,1400,88037
56073,970,85410
56073,880,115615
56073,220,78872
,,
56074,990,"71,543"
56074,270,3111
56074,240,9061
56074,160,10290
56074,140,11958
56074,150,20520
56074,30,16603
,,
56078,230,"11,957"
56078,70,922
56078,60,2161
56078,40,2535
56078,40,3693
56078,20,2646
56078,**,**
,,
56081,"2,920","146,371"
56081,1040,12895
56081,870,31896
56081,400,25416
56081,300,26157
56081,260,35006
56081,50,15001
,,
56082,"5,740","369,743"
56082,2070,22894
56082,1310,48820
56082,860,54349
56082,650,57699
56082,710,93978
56082,140,92003
,,
56083,430,"25,535"
56083,160,1902
56083,110,4196
56083,60,3629
56083,50,4780
56083,50,11028
56083,**,**
,,
56085,"2,740","171,821"
56085,980,11776
56085,690,26146
56085,400,25083
56085,320,28674
56085,280,37742
56085,70,42400
,,
56087,"1,470","81,391"
56087,500,5947
56087,390,14657
56087,230,14369
56087,150,13812
56087,160,20844
56087,40,11762
,,
56088,980,"52,149"
56088,370,4399
56088,240,9014
56088,150,9664
56088,110,9952
56088,110,19120
56088,**,**
,,
56090,310,"16,273"
56090,110,1213
56090,70,2729
56090,60,3685
56090,30,2330
56090,40,6316
56090,**,**
,,
56091,160,"7,831"
56091,60,746
56091,50,1934
56091,20,1372
56091,30,3779
56091,**,**
56091,**,**
,,
56093,"5,890","308,011"
56093,2130,25342
56093,1530,56688
56093,910,56897
56093,620,54472
56093,600,77758
56093,100,36854
,,
56096,"1,430","78,418"
56096,490,5936
56096,350,12840
56096,250,15640
56096,170,15369
56096,140,18604
56096,30,10029
,,
56097,"1,740","84,571"
56097,680,7906
56097,420,15602
56097,300,18631
56097,160,14095
56097,150,20272
56097,30,8065
,,
56098,"1,010","49,845"
56098,390,4691
56098,260,10082
56098,150,9378
56098,110,9366
56098,100,16328
56098,**,**
,,
56101,"2,910","152,300"
56101,1080,13357
56101,800,29742
56101,440,28159
56101,260,23067
56101,280,37550
56101,50,20425
,,
56110,880,"53,383"
56110,310,3983
56110,210,7935
56110,140,9155
56110,100,9287
56110,100,14223
56110,20,8800
,,
56111,240,"13,743"
56111,70,817
56111,60,2259
56111,40,2516
56111,30,2504
56111,40,5647
56111,**,**
,,
56113,120,"5,368"
56113,40,399
56113,50,2382
56113,**,**
56113,30,2587
56113,**,**
56113,0,0
,,
56114,190,"8,897"
56114,70,895
56114,50,1814
56114,30,1950
56114,40,4238
56114,**,**
56114,**,**
,,
56115,620,"36,556"
56115,200,2728
56115,140,5348
56115,110,6904
56115,80,7485
56115,90,14091
56115,**,**
,,
56116,270,"17,329"
56116,80,815
56116,60,2165
56116,40,2711
56116,40,3505
56116,50,8133
56116,**,**
,,
56117,180,"9,191"
56117,60,914
56117,50,1918
56117,30,1821
56117,40,4538
56117,**,**
56117,**,**
,,
56118,200,"12,955"
56118,70,855
56118,40,1467
56118,30,2035
56118,20,1840
56118,40,6758
56118,**,**
,,
56119,510,"29,688"
56119,160,1893
56119,140,5493
56119,90,6203
56119,60,5470
56119,60,10629
56119,**,**
,,
56120,510,"28,769"
56120,170,2164
56120,140,5140
56120,90,6198
56120,50,4244
56120,60,11023
56120,**,**
,,
56121,280,"14,706"
56121,90,1136
56121,80,2963
56121,50,3029
56121,30,3076
56121,30,4502
56121,**,**
,,
56122,230,"13,886"
56122,80,905
56122,60,2589
56122,40,2720
56122,20,2001
56122,30,5671
56122,**,**
,,
56123,250,"14,361"
56123,90,1339
56123,70,2522
56123,60,4389
56123,**,**
56123,30,6111
56123,**,**
,,
56127,190,"9,377"
56127,60,732
56127,50,2085
56127,40,2210
56127,40,4350
56127,**,**
56127,**,**
,,
56128,910,"63,678"
56128,260,3180
56128,210,8083
56128,170,10831
56128,120,10774
56128,120,15811
56128,30,14999
,,
56129,370,"18,522"
56129,130,1635
56129,90,3515
56129,70,4330
56129,40,3021
56129,40,6021
56129,**,**
,,
56131,"1,130","61,602"
56131,390,4946
56131,290,11192
56131,180,11426
56131,140,12651
56131,130,21387
56131,**,**
,,
56132,260,"16,397"
56132,90,1265
56132,50,1997
56132,40,2552
56132,30,2556
56132,50,8027
56132,**,**
,,
56134,190,"10,069"
56134,70,940
56134,50,1788
56134,50,3763
56134,**,**
56134,20,3578
56134,**,**
,,
56136,480,"25,374"
56136,160,2039
56136,120,4470
56136,90,5500
56136,50,4837
56136,60,8528
56136,**,**
,,
56137,550,"30,095"
56137,170,2112
56137,160,5690
56137,90,5692
56137,60,5179
56137,70,11422
56137,**,**
,,
56138,380,"21,104"
56138,110,1283
56138,80,3175
56138,70,4613
56138,70,5832
56138,50,6201
56138,**,**
,,
56139,190,"9,649"
56139,70,886
56139,50,2056
56139,30,1933
56139,40,4774
56139,**,**
56139,**,**
,,
56141,170,"10,417"
56141,50,649
56141,50,1723
56141,30,1535
56141,20,2134
56141,20,4376
56141,**,**
,,
56142,480,"21,893"
56142,180,2161
56142,150,5890
56142,70,4752
56142,40,3607
56142,40,5483
56142,**,**
,,
56143,"2,250","130,959"
56143,680,8215
56143,630,23457
56143,390,24874
56143,250,21932
56143,250,33759
56143,50,18722
,,
56144,520,"25,886"
56144,200,2519
56144,140,5246
56144,90,5869
56144,40,3785
56144,50,8467
56144,**,**
,,
56145,280,"14,760"
56145,90,1174
56145,80,2785
56145,50,3128
56145,30,2471
56145,30,5202
56145,**,**
,,
56149,590,"32,601"
56149,200,2591
56149,150,5593
56149,100,6066
56149,70,6269
56149,70,12082
56149,**,**
,,
56150,"1,410","73,899"
56150,470,5637
56150,380,14454
56150,240,15216
56150,160,14563
56150,140,18540
56150,20,5489
,,
56151,400,"25,054"
56151,130,1706
56151,90,3498
56151,70,4716
56151,50,4459
56151,60,10675
56151,**,**
,,
56152,640,"37,799"
56152,220,2661
56152,140,5511
56152,120,7886
56152,80,7364
56152,80,14377
56152,**,**
,,
56155,220,"13,598"
56155,80,1062
56155,50,2021
56155,40,2377
56155,20,1697
56155,30,6441
56155,**,**
,,
56156,"2,890","165,405"
56156,1040,11562
56156,680,25257
56156,440,27588
56156,300,26748
56156,350,47067
56156,80,27183
,,
56157,350,"28,817"
56157,110,1227
56157,60,2213
56157,60,3742
56157,40,3200
56157,60,8281
56157,20,10154
,,
56158,190,"10,907"
56158,60,654
56158,60,2220
56158,30,1852
56158,20,1984
56158,20,4197
56158,**,**
,,
56159,"1,270","68,505"
56159,440,5321
56159,360,13423
56159,200,12924
56159,130,11248
56159,110,14315
56159,30,11274
,,
56160,110,"5,724"
56160,40,425
56160,30,944
56160,20,1456
56160,20,2899
56160,**,**
56160,**,**
,,
56161,190,"10,672"
56161,60,668
56161,50,2161
56161,40,2448
56161,20,2224
56161,20,3171
56161,**,**
,,
56162,120,"6,651"
56162,40,513
56162,50,2412
56162,**,**
56162,30,3726
56162,**,**
56162,**,**
,,
56164,"2,810","151,261"
56164,1100,13118
56164,700,25894
56164,410,25766
56164,280,24582
56164,260,35319
56164,60,26582
,,
56165,160,"12,289"
56165,40,629
56165,40,1326
56165,30,2111
56165,20,1971
56165,30,6252
56165,**,**
,,
56167,320,"17,715"
56167,120,1649
56167,70,2570
56167,60,3645
56167,30,2193
56167,40,7658
56167,**,**
,,
56168,470,"23,704"
56168,190,2552
56168,120,4699
56168,70,4727
56168,50,4961
56168,40,6765
56168,**,**
,,
56169,330,"20,226"
56169,90,1073
56169,80,2934
56169,70,4460
56169,50,4932
56169,40,6827
56169,**,**
,,
56170,280,"14,480"
56170,90,1127
56170,80,3125
56170,40,2811
56170,30,2415
56170,40,5002
56170,**,**
,,
56171,820,"50,568"
56171,280,3180
56171,210,8101
56171,120,8212
56171,80,7424
56171,100,13602
56171,30,10049
,,
56172,"1,500","88,539"
56172,510,6230
56172,340,12560
56172,230,14255
56172,190,17156
56172,190,26182
56172,40,12156
,,
56173,180,"8,274"
56173,70,1003
56173,40,1308
56173,30,1921
56173,40,4042
56173,**,**
56173,**,**
,,
56174,190,"10,608"
56174,70,833
56174,50,1756
56174,50,3644
56174,**,**
56174,20,4375
56174,**,**
,,
56175,"1,380","73,162"
56175,480,6030
56175,370,13812
56175,220,13799
56175,150,12976
56175,130,17807
56175,30,8738
,,
56176,530,"31,022"
56176,190,2313
56176,150,5575
56176,60,4008
56176,50,4754
56176,60,8264
56176,20,6108
,,
56178,790,"47,485"
56178,280,3372
56178,170,6516
56178,110,7193
56178,110,9760
56178,100,13508
56178,20,7136
,,
56180,600,"30,815"
56180,230,2906
56180,160,5781
56180,80,5105
56180,60,5256
56180,70,11767
56180,**,**
,,
56181,530,"28,958"
56181,180,2304
56181,150,5786
56181,80,4930
56181,50,4609
56181,70,11329
56181,**,**
,,
56183,600,"31,772"
56183,210,2417
56183,150,5617
56183,100,6293
56183,60,5414
56183,80,12031
56183,**,**
,,
56185,280,"15,037"
56185,70,807
56185,80,3270
56185,60,4052
56185,40,3403
56185,30,3505
56185,**,**
,,
56186,160,"7,576"
56186,50,639
56186,50,2025
56186,30,2139
56186,30,2773
56186,**,**
56186,**,**
,,
56187,"6,920","340,966"
56187,2470,28818
56187,2380,88838
56187,910,56273
56187,550,48761
56187,480,64614
56187,130,53662
,,
56201,"11,590","615,384"
56201,4760,59499
56201,3110,111468
56201,1410,87965
56201,980,85611
56201,1060,141036
56201,270,129805
,,
56207,130,"7,151"
56207,40,427
56207,30,1255
56207,30,1835
56207,30,3634
56207,**,**
56207,**,**
,,
56208,920,"47,994"
56208,360,4946
56208,260,9785
56208,130,8388
56208,80,7286
56208,90,17589
56208,**,**
,,
56209,"1,180","66,768"
56209,380,4845
56209,320,12018
56209,190,12211
56209,130,11117
56209,130,16815
56209,30,9762
,,
56211,210,"15,153"
56211,70,1053
56211,50,2108
56211,30,1818
56211,20,1964
56211,40,8210
56211,**,**
,,
56212,230,"12,795"
56212,80,1024
56212,60,2258
56212,30,1840
56212,30,2490
56212,30,5183
56212,**,**
,,
56214,340,"17,541"
56214,130,1745
56214,90,3249
56214,40,2767
56214,40,3178
56214,40,6602
56214,**,**
,,
56215,"2,190","120,277"
56215,830,10118
56215,520,19738
56215,330,20824
56215,220,19751
56215,240,31997
56215,50,17849
,,
56216,320,"18,472"
56216,100,1255
56216,80,3136
56216,60,3981
56216,40,3136
56216,40,6964
56216,**,**
,,
56218,280,"15,390"
56218,90,1096
56218,80,2824
56218,40,2551
56218,30,2515
56218,40,6404
56218,**,**
,,
56219,300,"12,109"
56219,130,1498
56219,90,3287
56219,40,2549
56219,20,1796
56219,20,2979
56219,**,**
,,
56220,"1,370","72,332"
56220,500,6227
56220,330,12585
56220,220,14226
56220,170,15099
56220,130,18477
56220,20,5718
,,
56221,390,"24,384"
56221,120,1354
56221,90,3270
56221,60,3826
56221,50,4282
56221,70,11652
56221,**,**
,,
56222,990,"61,075"
56222,310,4196
56222,250,9463
56222,160,10324
56222,120,11018
56222,120,16297
56222,30,9777
,,
56223,660,"36,148"
56223,230,2904
56223,170,6627
56223,100,6122
56223,80,6885
56223,80,13610
56223,**,**
,,
56224,150,"10,194"
56224,40,610
56224,50,1739
56224,40,3224
56224,**,**
56224,20,4621
56224,**,**
,,
56225,330,"17,756"
56225,110,1249
56225,80,3097
56225,60,4046
56225,40,3281
56225,40,6083
56225,**,**
,,
56226,120,"7,191"
56226,30,401
56226,30,1315
56226,20,1387
56226,40,4088
56226,**,**
56226,**,**
,,
56228,430,"20,436"
56228,150,1874
56228,120,4420
56228,80,4889
56228,40,3767
56228,40,5486
56228,**,**
,,
56229,910,"62,552"
56229,280,3540
56229,200,7437
56229,130,8287
56229,130,11172
56229,140,19833
56229,30,12283
,,
56230,370,"22,149"
56230,120,1469
56230,100,3595
56230,60,3759
56230,50,4549
56230,40,8777
56230,**,**
,,
56231,210,"12,422"
56231,70,836
56231,40,1868
56231,30,1828
56231,30,2561
56231,40,5329
56231,**,**
,,
56232,"1,100","65,627"
56232,390,4551
56232,260,10023
56232,170,10961
56232,120,11198
56232,120,15375
56232,40,13519
,,
56235,310,"18,812"
56235,80,859
56235,80,2923
56235,60,3505
56235,40,3968
56235,50,7557
56235,**,**
,,
56236,170,"15,292"
56236,40,571
56236,40,1335
56236,40,3246
56236,**,**
56236,50,10140
56236,**,**
,,
56237,290,"13,808"
56237,100,1447
56237,90,3384
56237,40,2321
56237,30,2181
56237,30,4475
56237,**,**
,,
56239,320,"18,009"
56239,110,1196
56239,60,2396
56239,60,3744
56239,50,4226
56239,40,6447
56239,**,**
,,
56240,500,"25,898"
56240,220,2754
56240,100,3789
56240,70,4607
56240,40,3582
56240,70,11166
56240,**,**
,,
56241,"2,110","117,285"
56241,760,8837
56241,530,19583
56241,330,20889
56241,210,18033
56241,230,29770
56241,50,20173
,,
56243,750,"40,468"
56243,240,2988
56243,220,8220
56243,130,7989
56243,90,7620
56243,70,13651
56243,**,**
,,
56244,750,"55,032"
56244,210,2542
56244,210,8034
56244,110,7222
56244,90,8440
56244,90,12644
56244,40,16150
,,
56245,220,"14,244"
56245,60,710
56245,50,1761
56245,50,3303
56245,20,1905
56245,40,6565
56245,**,**
,,
56248,360,"25,279"
56248,110,1438
56248,90,3258
56248,60,4047
56248,40,3884
56248,60,12652
56248,**,**
,,
56249,150,"9,806"
56249,50,776
56249,40,1400
56249,40,3758
56249,**,**
56249,20,3872
56249,**,**
,,
56251,500,"26,667"
56251,170,1995
56251,120,4476
56251,80,5230
56251,70,6048
56251,60,8918
56251,**,**
,,
56252,610,"32,127"
56252,210,2448
56252,150,5743
56252,120,7412
56252,60,4804
56252,70,11720
56252,**,**
,,
56253,480,"26,429"
56253,150,1777
56253,140,5369
56253,80,5520
56253,60,5587
56253,50,8176
56253,**,**
,,
56255,180,"9,553"
56255,50,625
56255,50,2017
56255,30,2098
56255,30,2250
56255,20,2563
56255,0,0
,,
56256,"1,240","70,947"
56256,430,5520
56256,320,12352
56256,200,12457
56256,140,12932
56256,120,15835
56256,30,11851
,,
56257,210,"13,217"
56257,80,1054
56257,50,1829
56257,30,2075
56257,20,1705
56257,30,6554
56257,**,**
,,
56258,"7,300","445,445"
56258,2780,33690
56258,1740,63340
56258,940,58984
56258,730,64371
56258,850,115861
56258,260,109199
,,
56260,410,"24,539"
56260,130,1573
56260,100,4135
56260,70,4595
56260,50,4011
56260,60,10225
56260,**,**
,,
56262,340,"18,246"
56262,130,1909
56262,90,3171
56262,50,3372
56262,30,2852
56262,40,6942
56262,**,**
,,
56263,280,"16,736"
56263,90,1184
56263,70,2792
56263,40,2403
56263,40,3121
56263,40,7236
56263,**,**
,,
56264,"1,000","54,734"
56264,350,4223
56264,240,9160
56264,150,9589
56264,130,11706
56264,130,20056
56264,**,**
,,
56265,"3,830","211,877"
56265,1380,16451
56265,1010,37269
56265,560,35579
56265,380,33746
56265,400,54221
56265,100,34611
,,
56266,750,"42,159"
56266,250,2900
56266,210,8048
56266,110,7097
56266,90,7778
56266,90,16336
56266,**,**
,,
56267,"2,880","184,596"
56267,1000,11558
56267,700,26501
56267,410,25820
56267,330,28930
56267,340,45972
56267,100,45815
,,
56270,720,"27,293"
56270,300,2603
56270,240,8437
56270,90,5386
56270,50,4220
56270,40,6647
56270,**,**
,,
56271,580,"34,334"
56271,170,2192
56271,160,6054
56271,110,6817
56271,70,5939
56271,50,6991
56271,20,6341
,,
56273,"2,400","144,331"
56273,810,9329
56273,540,20272
56273,370,23236
56273,300,26185
56273,310,39995
56273,70,25314
,,
56276,130,"6,020"
56276,40,439
56276,40,1453
56276,20,1433
56276,30,2695
56276,**,**
56276,0,0
,,
56277,"1,500","88,495"
56277,550,6356
56277,320,12430
56277,250,16029
56277,160,14353
56277,180,23652
56277,40,15675
,,
56278,"1,230","70,171"
56278,450,5754
56278,290,10863
56278,210,13029
56278,140,12904
56278,110,14122
56278,30,13499
,,
56279,590,"37,229"
56279,190,2324
56279,150,5657
56279,110,6900
56279,70,5910
56279,70,16438
56279,**,**
,,
56280,250,"13,296"
56280,80,1039
56280,60,2227
56280,40,2512
56280,40,3393
56280,30,4125
56280,**,**
,,
56281,310,"21,871"
56281,80,888
56281,80,2834
56281,50,2986
56281,50,4726
56281,50,10437
56281,**,**
,,
56282,700,"40,532"
56282,210,2524
56282,190,6853
56282,120,7592
56282,100,8820
56282,80,14743
56282,**,**
,,
56283,"3,370","183,306"
56283,1270,14860
56283,860,31555
56283,480,29950
56283,330,29318
56283,340,45483
56283,90,32140
,,
56284,930,"52,055"
56284,290,3612
56284,240,9336
56284,170,10856
56284,120,10912
56284,110,17339
56284,**,**
,,
56285,520,"32,643"
56285,160,1973
56285,110,4272
56285,100,6102
56285,70,6575
56285,80,13721
56285,**,**
,,
56288,"2,450","206,529"
56288,720,8070
56288,490,17978
56288,360,22886
56288,290,25331
56288,430,57724
56288,160,74540
,,
56289,320,"16,839"
56289,120,1762
56289,70,2582
56289,50,3408
56289,40,3919
56289,40,5168
56289,**,**
,,
56291,240,"10,703"
56291,90,1039
56291,70,2698
56291,30,2040
56291,50,4926
56291,**,**
56291,**,**
,,
56292,270,"15,295"
56292,90,1122
56292,70,2773
56292,40,2811
56292,30,2448
56292,40,6141
56292,**,**
,,
56293,570,"35,535"
56293,190,2378
56293,140,5057
56293,70,4592
56293,80,7120
56293,90,16388
56293,**,**
,,
56295,140,"6,084"
56295,50,667
56295,40,1514
56295,20,1251
56295,30,2652
56295,**,**
56295,**,**
,,
56296,980,"60,194"
56296,340,3890
56296,230,8575
56296,160,9799
56296,100,8645
56296,120,16483
56296,30,12802
,,
56297,400,"22,960"
56297,120,1307
56297,110,4122
56297,70,4834
56297,50,4168
56297,50,8529
56297,**,**
,,
56301,"14,360","962,585"
56301,6040,73934
56301,3310,119460
56301,1740,108618
56301,1200,105849
56301,1560,210709
56301,510,344015
,,
56303,"13,330","652,372"
56303,5160,65582
56303,3860,140287
56303,1910,119350
56303,1100,96519
56303,1100,143464
56303,200,87170
,,
56304,"7,390","350,013"
56304,3490,43872
56304,1810,65216
56304,790,48945
56304,550,47767
56304,610,82134
56304,140,62079
,,
56307,"2,390","149,613"
56307,750,8782
56307,590,22310
56307,390,24716
56307,320,28627
56307,290,36891
56307,50,28287
,,
56308,"12,690","840,441"
56308,4490,53162
56308,3000,110756
56308,1800,113706
56308,1340,118627
56308,1570,210026
56308,490,234164
,,
56309,590,"34,974"
56309,200,2471
56309,130,4646
56309,100,6375
56309,70,6136
56309,90,15346
56309,**,**
,,
56310,"2,560","248,989"
56310,760,9079
56310,570,21242
56310,410,25860
56310,340,29857
56310,380,49580
56310,100,113371
,,
56311,320,"15,762"
56311,120,1256
56311,90,3565
56311,50,3104
56311,30,3162
56311,30,4675
56311,**,**
,,
56312,"1,060","58,487"
56312,360,4684
56312,270,10341
56312,170,10781
56312,130,11254
56312,100,12503
56312,30,8924
,,
56314,560,"28,276"
56314,190,2206
56314,150,5766
56314,110,6679
56314,60,5686
56314,50,7939
56314,**,**
,,
56315,750,"48,992"
56315,240,3082
56315,170,6521
56315,110,7248
56315,110,9481
56315,100,13195
56315,20,9465
,,
56316,690,"32,640"
56316,260,3392
56316,200,7764
56316,100,6265
56316,60,5103
56316,70,10116
56316,**,**
,,
56318,520,"29,316"
56318,170,2175
56318,130,4908
56318,80,5150
56318,80,6831
56318,60,10252
56318,**,**
,,
56319,640,"44,640"
56319,210,2780
56319,160,6128
56319,110,6805
56319,60,5082
56319,70,10336
56319,30,13509
,,
56320,"3,860","268,742"
56320,1180,13361
56320,850,31976
56320,590,37104
56320,480,41953
56320,610,80979
56320,150,63369
,,
56323,280,"13,231"
56323,100,1099
56323,80,3343
56323,50,3088
56323,30,2271
56323,20,3430
56323,**,**
,,
56324,520,"30,926"
56324,180,2251
56324,100,3783
56324,90,5501
56324,60,5193
56324,90,14198
56324,**,**
,,
56326,710,"37,163"
56326,250,3225
56326,170,6266
56326,120,7549
56326,100,8855
56326,70,11268
56326,**,**
,,
56327,400,"26,249"
56327,130,1391
56327,80,2954
56327,70,4468
56327,40,3470
56327,80,13966
56327,**,**
,,
56329,"3,230","182,895"
56329,1000,12354
56329,800,29678
56329,560,35360
56329,400,35283
56329,420,54236
56329,50,15984
,,
56330,780,"40,440"
56330,260,3324
56330,210,7967
56330,130,8318
56330,90,8253
56330,90,12578
56330,**,**
,,
56331,"1,010","62,558"
56331,310,3933
56331,270,10626
56331,190,11841
56331,110,9672
56331,110,15491
56331,20,10995
,,
56332,680,"42,941"
56332,210,2845
56332,160,5832
56332,100,6149
56332,90,8174
56332,120,19941
56332,**,**
,,
56334,"2,780","184,237"
56334,930,10866
56334,660,24864
56334,410,25754
56334,330,29550
56334,360,48595
56334,90,44608
,,
56336,720,"44,266"
56336,230,3022
56336,180,6958
56336,120,7564
56336,90,7792
56336,100,18930
56336,**,**
,,
56338,740,"36,558"
56338,250,3154
56338,200,7597
56338,120,7292
56338,80,6938
56338,90,11577
56338,**,**
,,
56339,550,"26,653"
56339,210,2739
56339,140,5225
56339,90,5566
56339,60,4914
56339,50,8209
56339,**,**
,,
56340,"1,070","58,841"
56340,320,3691
56340,250,9640
56340,200,12709
56340,160,13688
56340,140,19113
56340,**,**
,,
56342,"1,340","67,995"
56342,510,6321
56342,320,11500
56342,250,15405
56342,110,9526
56342,120,15435
56342,30,9808
,,
56343,450,"24,433"
56343,150,1583
56343,100,3827
56343,100,6078
56343,50,4393
56343,50,8552
56343,**,**
,,
56345,"6,820","345,044"
56345,2580,31963
56345,1770,65466
56345,1050,65672
56345,710,62730
56345,600,76876
56345,110,42337
,,
56347,"3,090","134,855"
56347,1140,14028
56347,960,35525
56347,490,30168
56347,300,25642
56347,200,29492
56347,**,**
,,
56349,370,"22,867"
56349,110,1443
56349,80,3161
56349,70,4613
56349,50,4205
56349,60,9445
56349,**,**
,,
56350,230,"8,988"
56350,100,1211
56350,60,1985
56350,50,3130
56350,**,**
56350,20,2662
56350,0,0
,,
56352,"2,670","139,039"
56352,920,11426
56352,790,29519
56352,410,25837
56352,260,23050
56352,240,31569
56352,50,17638
,,
56353,"4,100","213,223"
56353,1490,18182
56353,1050,39283
56353,680,42132
56353,440,38889
56353,390,49499
56353,50,25238
,,
56354,670,"38,482"
56354,210,2422
56354,170,6373
56354,110,7313
56354,90,7512
56354,90,14862
56354,**,**
,,
56355,310,"15,154"
56355,120,1447
56355,60,2385
56355,60,3509
56355,30,2540
56355,40,5273
56355,**,**
,,
56357,480,"26,866"
56357,160,1865
56357,120,4375
56357,70,4625
56357,60,5371
56357,70,10630
56357,**,**
,,
56358,"1,460","67,973"
56358,530,7038
56358,390,14339
56358,250,15826
56358,160,14007
56358,130,16763
56358,**,**
,,
56359,"1,530","67,540"
56359,660,8873
56359,420,15401
56359,210,12624
56359,110,9716
56359,100,12583
56359,30,8343
,,
56360,"1,810","88,764"
56360,690,8188
56360,440,16590
56360,320,19916
56360,200,17982
56360,160,26088
56360,**,**
,,
56361,"1,100","54,319"
56361,420,5403
56361,280,10492
56361,180,11048
56361,130,11347
56361,90,16029
56361,**,**
,,
56362,"2,790","160,602"
56362,930,11459
56362,720,27635
56362,470,29971
56362,340,29625
56362,270,35424
56362,60,26488
,,
56364,"2,370","118,067"
56364,860,10798
56364,640,23945
56364,380,24383
56364,250,22196
56364,220,28644
56364,20,8101
,,
56367,"3,350","220,154"
56367,980,12048
56367,780,29475
56367,590,36960
56367,450,39351
56367,460,61082
56367,90,41238
,,
56368,"2,100","126,986"
56368,680,8281
56368,460,17340
56368,340,21418
56368,300,26386
56368,260,34336
56368,60,19225
,,
56373,"1,390","78,790"
56373,430,5447
56373,360,13792
56373,240,15168
56373,170,14773
56373,190,29610
56373,**,**
,,
56374,"3,900","244,275"
56374,1180,14003
56374,880,33380
56374,670,42020
56374,510,44185
56374,550,71003
56374,110,39684
,,
56375,390,"24,179"
56375,110,1288
56375,90,3532
56375,60,3971
56375,50,4192
56375,80,11196
56375,**,**
,,
56377,"9,000","705,493"
56377,2630,30597
56377,1940,72218
56377,1320,82520
56377,1080,94655
56377,1550,207853
56377,480,217650
,,
56378,"3,630","208,439"
56378,1260,15257
56378,930,34678
56378,590,37579
56378,410,35789
56378,350,46526
56378,90,38610
,,
56379,"8,140","476,558"
56379,2710,32623
56379,2030,75090
56379,1260,79178
56379,930,81260
56379,1040,135172
56379,170,73235
,,
56381,"1,200","70,638"
56381,430,5504
56381,290,11121
56381,200,12429
56381,130,11523
56381,120,16766
56381,30,13295
,,
56382,640,"33,086"
56382,240,2996
56382,180,7035
56382,90,6137
56382,80,7281
56382,50,9637
56382,**,**
,,
56384,180,"7,187"
56384,70,759
56384,60,2415
56384,20,1467
56384,30,2546
56384,**,**
56384,**,**
,,
56385,460,"26,968"
56385,160,1905
56385,120,4401
56385,80,5017
56385,50,4115
56385,50,11530
56385,**,**
,,
56386,330,"14,783"
56386,130,1500
56386,80,2788
56386,60,3433
56386,30,2396
56386,30,4666
56386,**,**
,,
56387,"3,790","150,589"
56387,1680,22577
56387,1250,44637
56387,450,27655
56387,200,17587
56387,180,23291
56387,30,14842
,,
56401,"14,130","720,321"
56401,5850,73289
56401,3590,130624
56401,1940,121379
56401,1230,107821
56401,1240,161913
56401,280,125295
,,
56425,"4,120","248,814"
56425,1490,17079
56425,890,33008
56425,600,37853
56425,470,41515
56425,560,74047
56425,110,45312
,,
56431,"4,100","220,265"
56431,1540,18744
56431,1020,37809
56431,620,38631
56431,420,36636
56431,410,54172
56431,90,34273
,,
56433,740,"31,387"
56433,300,3938
56433,210,7571
56433,120,7068
56433,60,5055
56433,50,7755
56433,**,**
,,
56435,"1,130","51,749"
56435,480,5965
56435,290,10650
56435,160,10164
56435,110,9648
56435,90,15322
56435,**,**
,,
56437,480,"19,374"
56437,210,2678
56437,130,4978
56437,70,4295
56437,50,4344
56437,20,3079
56437,**,**
,,
56438,"1,240","56,926"
56438,470,5744
56438,350,13238
56438,200,12773
56438,120,10419
56438,100,14752
56438,**,**
,,
56440,510,"19,448"
56440,220,2710
56440,150,5722
56440,90,5764
56440,30,2817
56440,20,2435
56440,**,**
,,
56441,"1,580","67,262"
56441,720,8376
56441,400,14422
56441,240,14691
56441,100,8424
56441,100,12586
56441,20,8763
,,
56442,"1,400","99,590"
56442,470,5386
56442,270,10007
56442,210,13052
56442,140,12021
56442,240,32606
56442,70,26518
,,
56443,660,"40,651"
56443,230,2759
56443,160,5898
56443,100,6211
56443,80,7013
56443,70,10059
56443,20,8711
,,
56444,"1,520","90,469"
56444,550,6659
56444,340,12562
56444,240,14727
56444,160,14219
56444,180,24168
56444,50,18134
,,
56446,700,"29,921"
56446,300,3807
56446,210,7774
56446,90,5599
56446,50,4283
56446,50,8458
56446,**,**
,,
56447,500,"22,912"
56447,220,2809
56447,120,4335
56447,70,4028
56447,40,4044
56447,50,7696
56447,**,**
,,
56448,220,"13,409"
56448,70,864
56448,50,1840
56448,40,2623
56448,30,2258
56448,30,5824
56448,**,**
,,
56449,750,"43,821"
56449,240,3136
56449,160,5874
56449,150,9527
56449,100,8726
56449,100,16558
56449,**,**
,,
56450,550,"24,188"
56450,250,3075
56450,140,5127
56450,80,4821
56450,30,2661
56450,50,8504
56450,**,**
,,
56452,990,"55,388"
56452,370,4532
56452,240,8898
56452,140,9120
56452,100,8969
56452,110,13739
56452,30,10130
,,
56453,340,"14,437"
56453,130,1510
56453,100,3819
56453,60,3808
56453,30,2412
56453,20,2888
56453,**,**
,,
56455,770,"34,026"
56455,310,3831
56455,210,7691
56455,110,6860
56455,70,6357
56455,70,9287
56455,**,**
,,
56458,170,"8,115"
56458,50,657
56458,50,1696
56458,30,1686
56458,40,4076
56458,**,**
56458,**,**
,,
56461,"1,400","72,512"
56461,520,6361
56461,330,12295
56461,230,14332
56461,150,12977
56461,150,19404
56461,20,7143
,,
56464,"1,830","89,689"
56464,710,9187
56464,490,18109
56464,280,17830
56464,200,17919
56464,150,26644
56464,**,**
,,
56465,"1,100","67,613"
56465,390,4874
56465,250,9218
56465,170,10370
56465,110,9723
56465,150,20304
56465,30,13124
,,
56466,"1,420","68,694"
56466,540,6739
56466,390,14001
56466,220,13592
56466,130,11186
56466,140,23176
56466,**,**
,,
56467,"1,080","63,697"
56467,360,4371
56467,290,10589
56467,160,10202
56467,120,10825
56467,120,15989
56467,30,11721
,,
56468,"2,320","194,859"
56468,700,8121
56468,480,18343
56468,330,20518
56468,250,21898
56468,400,54747
56468,160,71232
,,
56469,460,"23,023"
56469,150,1932
56469,140,5132
56469,80,5290
56469,50,4023
56469,40,6646
56469,**,**
,,
56470,"4,790","260,684"
56470,1890,22427
56470,1120,40990
56470,720,45371
56470,460,39998
56470,480,63962
56470,120,47936
,,
56472,"3,810","212,788"
56472,1470,17409
56472,860,31783
56472,540,33705
56472,380,32965
56472,450,58915
56472,110,38011
,,
56473,"1,640","84,862"
56473,600,7577
56473,400,14499
56473,260,16106
56473,180,15536
56473,170,22517
56473,30,8627
,,
56474,"1,980","90,620"
56474,860,10474
56474,510,18464
56474,310,19476
56474,140,12350
56474,120,16302
56474,40,13554
,,
56475,760,"35,803"
56475,280,3760
56475,200,7309
56475,140,8668
56475,80,7193
56475,60,8873
56475,**,**
,,
56477,"1,140","48,084"
56477,480,6141
56477,290,10649
56477,180,11580
56477,120,10031
56477,70,9683
56477,**,**
,,
56479,"2,270","106,556"
56479,890,11109
56479,610,22455
56479,370,23054
56479,190,16543
56479,170,21762
56479,40,11633
,,
56481,940,"41,626"
56481,370,4593
56481,250,9069
56481,160,10273
56481,80,6756
56481,80,10935
56481,**,**
,,
56482,"3,000","142,286"
56482,1240,15191
56482,800,29078
56482,430,26678
56482,270,23838
56482,210,26662
56482,50,20839
,,
56484,"1,890","117,902"
56484,730,8967
56484,460,16880
56484,250,15956
56484,180,15897
56484,200,27181
56484,70,33021
,,
56501,"7,840","478,898"
56501,2770,34171
56501,1920,70318
56501,1200,75613
56501,800,70629
56501,900,120651
56501,250,107516
,,
56510,"1,110","62,867"
56510,400,5301
56510,260,9922
56510,180,11532
56510,110,9952
56510,140,19430
56510,20,6730
,,
56511,930,"57,345"
56511,300,3822
56511,210,7816
56511,160,10146
56511,110,9196
56511,120,16885
56511,30,9480
,,
56514,"1,790","109,527"
56514,550,6728
56514,410,15640
56514,270,17254
56514,260,22904
56514,270,35588
56514,30,11413
,,
56515,"1,430","89,164"
56515,470,5552
56515,320,12061
56515,210,13231
56515,180,15804
56515,200,26986
56515,50,15530
,,
56516,120,"5,658"
56516,40,493
56516,40,1273
56516,40,3892
56516,**,**
56516,**,**
56516,**,**
,,
56517,120,"6,545"
56517,40,503
56517,20,824
56517,30,2016
56517,30,3202
56517,**,**
56517,**,**
,,
56518,170,"7,298"
56518,60,802
56518,50,2009
56518,30,1743
56518,30,2744
56518,**,**
56518,**,**
,,
56519,140,"7,565"
56519,50,719
56519,20,768
56519,30,1886
56519,40,4192
56519,**,**
56519,**,**
,,
56520,"1,950","115,555"
56520,710,8764
56520,470,17184
56520,290,18220
56520,220,18888
56520,210,27435
56520,50,25064
,,
56521,340,"14,763"
56521,150,1871
56521,100,3892
56521,50,3194
56521,20,2013
56521,20,3793
56521,**,**
,,
56522,260,"16,419"
56522,80,818
56522,70,2694
56522,50,3518
56522,30,2413
56522,30,6976
56522,**,**
,,
56523,230,"13,493"
56523,70,885
56523,60,2517
56523,60,3924
56523,**,**
56523,40,6167
56523,**,**
,,
56524,350,"19,821"
56524,130,1610
56524,90,3254
56524,50,3211
56524,40,2939
56524,40,8807
56524,**,**
,,
56527,390,"15,983"
56527,160,2059
56527,110,3966
56527,70,4109
56527,30,2811
56527,20,3038
56527,**,**
,,
56528,750,"44,835"
56528,240,2986
56528,200,7542
56528,110,6807
56528,90,7454
56528,110,20046
56528,**,**
,,
56529,"2,190","116,614"
56529,770,9253
56529,560,20427
56529,290,18342
56529,260,22782
56529,280,36669
56529,30,9141
,,
56531,960,"58,853"
56531,320,3917
56531,250,9567
56531,150,9341
56531,100,8980
56531,110,15176
56531,30,11872
,,
56533,170,"8,548"
56533,60,865
56533,40,1405
56533,30,2164
56533,40,4114
56533,**,**
56533,**,**
,,
56534,570,"30,482"
56534,190,2352
56534,150,5439
56534,100,6278
56534,60,5424
56534,70,10989
56534,**,**
,,
56535,580,"33,465"
56535,200,2532
56535,140,5164
56535,90,5902
56535,60,4854
56535,90,15013
56535,**,**
,,
56536,230,"14,815"
56536,70,802
56536,60,2204
56536,60,4270
56536,**,**
56536,40,7539
56536,**,**
,,
56537,"9,030","522,076"
56537,3400,40871
56537,2110,77509
56537,1300,82423
56537,960,84487
56537,1000,131906
56537,260,104880
,,
56540,870,"57,495"
56540,300,3762
56540,210,7849
56540,140,9251
56540,100,8576
56540,100,14121
56540,20,13936
,,
56542,"1,250","65,648"
56542,490,5912
56542,310,11177
56542,170,10558
56542,120,10343
56542,130,16921
56542,30,10737
,,
56543,160,"9,569"
56543,50,568
56543,40,1403
56543,40,3239
56543,**,**
56543,30,4359
56543,**,**
,,
56544,"2,390","125,359"
56544,870,10552
56544,600,22491
56544,370,23154
56544,260,22791
56544,250,32076
56544,40,14295
,,
56545,340,"15,914"
56545,120,1570
56545,80,2939
56545,70,4253
56545,40,3525
56545,30,3627
56545,**,**
,,
56546,110,"7,740"
56546,20,339
56546,30,1064
56546,40,3254
56546,**,**
56546,20,3083
56546,**,**
,,
56547,"1,220","82,075"
56547,360,4318
56547,260,9597
56547,170,11034
56547,170,15244
56547,220,30041
56547,40,11841
,,
56548,320,"20,392"
56548,120,1521
56548,80,2992
56548,40,2522
56548,30,2791
56548,50,10566
56548,**,**
,,
56549,"2,360","162,588"
56549,780,9535
56549,450,16892
56549,340,21745
56549,310,27252
56549,400,52338
56549,80,34826
,,
56550,200,"9,096"
56550,70,1024
56550,50,1667
56550,40,2326
56550,40,4079
56550,**,**
56550,**,**
,,
56551,"1,020","44,490"
56551,430,5002
56551,270,9923
56551,140,8963
56551,100,9072
56551,80,11530
56551,**,**
,,
56552,220,"10,882"
56552,70,807
56552,50,2016
56552,40,2290
56552,30,2328
56552,30,3441
56552,0,0
,,
56553,140,"9,452"
56553,40,631
56553,40,1639
56553,40,2892
56553,**,**
56553,20,4290
56553,**,**
,,
56554,"1,290","95,951"
56554,380,4756
56554,300,11349
56554,210,12967
56554,150,13050
56554,200,27273
56554,50,26556
,,
56556,490,"25,670"
56556,170,2284
56556,140,5180
56556,90,5461
56556,40,3798
56556,50,8947
56556,**,**
,,
56557,"1,230","63,575"
56557,520,6593
56557,350,12500
56557,160,9774
56557,100,8581
56557,100,26127
56557,**,**
,,
56560,"18,950","1,060,836"
56560,6650,80331
56560,4760,174841
56560,2760,173432
56560,1980,174574
56560,2410,319944
56560,390,137714
,,
56566,200,"7,513"
56566,100,1293
56566,80,3288
56566,**,**
56566,20,2932
56566,**,**
56566,**,**
,,
56567,"1,590","75,802"
56567,600,7436
56567,450,16368
56567,270,16994
56567,140,12363
56567,130,22641
56567,**,**
,,
56569,560,"27,004"
56569,210,2922
56569,160,5808
56569,90,5692
56569,40,3452
56569,60,9130
56569,**,**
,,
56570,550,"26,305"
56570,200,2438
56570,160,5653
56570,90,5603
56570,40,3771
56570,60,8840
56570,**,**
,,
56571,930,"52,255"
56571,320,3890
56571,240,8990
56571,140,8819
56571,100,8802
56571,100,13577
56571,30,8177
,,
56572,"2,670","152,823"
56572,890,11078
56572,730,26382
56572,420,26295
56572,280,25104
56572,290,39399
56572,60,24565
,,
56573,"3,200","211,361"
56573,1120,13570
56573,840,31394
56573,490,31079
56573,310,27315
56573,330,44956
56573,110,63047
,,
56574,150,"8,368"
56574,50,625
56574,40,1466
56574,20,1436
56574,40,4841
56574,**,**
56574,**,**
,,
56575,260,"10,584"
56575,130,1765
56575,60,2027
56575,30,1775
56575,20,1848
56575,20,3169
56575,**,**
,,
56576,410,"21,506"
56576,130,1533
56576,110,4034
56576,70,4370
56576,40,3383
56576,60,8186
56576,**,**
,,
56578,420,"26,837"
56578,130,1592
56578,110,3883
56578,70,4149
56578,50,4751
56578,60,12462
56578,**,**
,,
56579,540,"29,922"
56579,170,2232
56579,140,5175
56579,90,5537
56579,60,5174
56579,80,11804
56579,**,**
,,
56580,560,"38,456"
56580,140,1767
56580,120,4392
56580,100,6223
56580,80,6708
56580,100,13164
56580,20,6202
,,
56581,120,"5,446"
56581,50,586
56581,30,1282
56581,20,1232
56581,20,2346
56581,**,**
56581,0,0
,,
56584,650,"30,443"
56584,230,3005
56584,190,7090
56584,100,6270
56584,70,5758
56584,60,8320
56584,**,**
,,
56585,470,"29,998"
56585,140,1824
56585,120,4405
56585,80,4627
56585,60,5242
56585,70,13900
56585,**,**
,,
56586,900,"55,551"
56586,290,3693
56586,220,8374
56586,140,8727
56586,130,11270
56586,100,13732
56586,20,9755
,,
56587,760,"43,245"
56587,260,3382
56587,200,7498
56587,110,7039
56587,90,7742
56587,100,17584
56587,**,**
,,
56588,230,"11,560"
56588,90,1138
56588,60,2289
56588,40,2523
56588,20,2097
56588,20,3513
56588,**,**
,,
56589,770,"34,602"
56589,310,4240
56589,200,7285
56589,130,8106
56589,70,6126
56589,60,8845
56589,**,**
,,
56590,190,"13,282"
56590,60,714
56590,50,1897
56590,40,2838
56590,**,**
56590,40,7833
56590,**,**
,,
56592,210,"9,128"
56592,90,1217
56592,70,2558
56592,20,1492
56592,30,3861
56592,**,**
56592,**,**
,,
56594,210,"13,799"
56594,60,686
56594,60,2255
56594,30,1685
56594,20,2064
56594,40,7109
56594,**,**
,,
56601,"14,360","798,090"
56601,5580,68079
56601,3280,120088
56601,2060,128739
56601,1430,126236
56601,1650,217353
56601,360,137595
,,
56621,"2,020","95,416"
56621,810,10120
56621,510,18857
56621,330,20562
56621,180,15888
56621,190,29989
56621,**,**
,,
56623,"1,400","73,857"
56623,530,6641
56623,390,14459
56623,200,12812
56623,140,12057
56623,110,15055
56623,30,12833
,,
56626,150,"4,988"
56626,80,957
56626,40,1376
56626,30,2655
56626,**,**
56626,**,**
56626,**,**
,,
56627,130,"5,372"
56627,60,681
56627,30,1051
56627,40,3640
56627,**,**
56627,**,**
56627,0,0
,,
56628,690,"36,591"
56628,250,3245
56628,160,5921
56628,120,7203
56628,70,6090
56628,90,14132
56628,**,**
,,
56630,"1,090","45,556"
56630,450,6053
56630,320,11352
56630,160,10342
56630,80,7079
56630,80,10730
56630,**,**
,,
56633,"1,950","71,659"
56633,950,12111
56633,590,20897
56633,200,12317
56633,100,8627
56633,110,17707
56633,**,**
,,
56634,690,"40,096"
56634,230,2711
56634,170,6455
56634,120,7844
56634,80,6896
56634,90,16190
56634,**,**
,,
56636,"2,190","101,347"
56636,850,11257
56636,560,20240
56636,350,21960
56636,220,19081
56636,210,28809
56636,**,**
,,
56637,100,"4,098"
56637,40,539
56637,40,1587
56637,**,**
56637,20,1972
56637,**,**
56637,**,**
,,
56639,190,"9,093"
56639,60,728
56639,60,2087
56639,30,1738
56639,40,4540
56639,**,**
56639,**,**
,,
56641,130,"5,290"
56641,50,624
56641,40,1535
56641,40,3131
56641,**,**
56641,**,**
56641,**,**
,,
56644,370,"21,626"
56644,120,1487
56644,100,3646
56644,70,4087
56644,40,3568
56644,40,8838
56644,**,**
,,
56646,150,"7,865"
56646,60,728
56646,40,1541
56646,30,2495
56646,**,**
56646,20,3101
56646,**,**
,,
56647,300,"14,403"
56647,120,1547
56647,70,2464
56647,50,3427
56647,30,2939
56647,30,4026
56647,**,**
,,
56649,"4,490","231,202"
56649,1860,22081
56649,910,33335
56649,670,41834
56649,510,44848
56649,480,62233
56649,60,26871
,,
56650,310,"12,561"
56650,140,1891
56650,70,2579
56650,50,3079
56650,30,2339
56650,20,2673
56650,**,**
,,
56651,240,"9,725"
56651,100,1104
56651,70,2572
56651,30,2059
56651,40,3990
56651,**,**
56651,0,0
,,
56652,240,"12,584"
56652,80,914
56652,50,1875
56652,40,2352
56652,40,3113
56652,30,4330
56652,**,**
,,
56653,590,"29,953"
56653,200,2372
56653,140,4983
56653,110,6970
56653,80,6938
56653,60,8690
56653,**,**
,,
56655,700,"36,776"
56655,270,3150
56655,160,5913
56655,110,6843
56655,70,5721
56655,90,15149
56655,**,**
,,
56657,170,"10,060"
56657,50,543
56657,40,1474
56657,50,3884
56657,**,**
56657,30,4159
56657,**,**
,,
56660,100,"4,053"
56660,40,486
56660,30,1177
56660,30,2390
56660,**,**
56660,**,**
56660,**,**
,,
56661,390,"17,442"
56661,160,2189
56661,100,3727
56661,60,3927
56661,30,2463
56661,40,5136
56661,**,**
,,
56662,260,"12,352"
56662,90,1140
56662,60,2246
56662,50,2976
56662,30,2727
56662,30,3263
56662,**,**
,,
56667,300,"15,204"
56667,100,1405
56667,70,2728
56667,60,3776
56667,30,2526
56667,40,4769
56667,**,**
,,
56669,150,"7,571"
56669,50,605
56669,40,1497
56669,30,2159
56669,30,3310
56669,**,**
56669,**,**
,,
56672,850,"42,170"
56672,340,4409
56672,210,7823
56672,140,8707
56672,90,7670
56672,70,13561
56672,**,**
,,
56673,310,"14,248"
56673,90,1172
56673,110,4106
56673,60,3705
56673,50,5265
56673,**,**
56673,**,**
,,
56676,760,"40,494"
56676,270,3509
56676,200,7723
56676,120,7764
56676,80,7069
56676,90,14429
56676,**,**
,,
56678,580,"29,497"
56678,210,2668
56678,160,5660
56678,80,4994
56678,70,5685
56678,60,10490
56678,**,**
,,
56681,130,"4,790"
56681,60,853
56681,30,988
56681,40,2949
56681,**,**
56681,**,**
56681,0,0
,,
56683,320,"17,911"
56683,110,1463
56683,70,2583
56683,60,3895
56683,40,3863
56683,40,6107
56683,**,**
,,
56684,180,"8,616"
56684,60,773
56684,50,1916
56684,40,2520
56684,30,3407
56684,**,**
56684,**,**
,,
56686,430,"19,205"
56686,160,1945
56686,130,4618
56686,70,4361
56686,40,3739
56686,30,4542
56686,**,**
,,
56701,"6,500","355,120"
56701,2090,25647
56701,1940,70594
56701,980,61440
56701,740,64424
56701,640,83504
56701,110,49511
,,
56710,230,"12,978"
56710,70,886
56710,70,2832
56710,30,1893
56710,30,2822
56710,30,4545
56710,**,**
,,
56713,460,"32,388"
56713,160,1972
56713,100,4019
56713,70,4872
56713,50,4771
56713,60,9438
56713,20,7316
,,
56714,610,"27,641"
56714,210,2432
56714,200,7636
56714,100,6024
56714,50,4416
56714,50,7133
56714,**,**
,,
56715,170,"10,307"
56715,50,623
56715,50,2023
56715,30,1991
56715,40,5670
56715,**,**
56715,**,**
,,
56716,"4,160","215,654"
56716,1540,18724
56716,1110,41139
56716,600,37631
56716,450,40266
56716,380,50997
56716,80,26897
,,
56721,"5,030","300,242"
56721,1690,20810
56721,1140,42715
56721,740,46600
56721,590,52557
56721,750,99721
56721,120,37839
,,
56722,190,"10,241"
56722,50,595
56722,50,1792
56722,40,2202
56722,30,2310
56722,20,3342
56722,**,**
,,
56723,470,"34,822"
56723,120,1579
56723,100,3847
56723,80,5118
56723,70,5895
56723,100,18383
56723,**,**
,,
56725,400,"18,979"
56725,140,1899
56725,120,4339
56725,60,4115
56725,50,4599
56725,30,4027
56725,**,**
,,
56726,780,"36,158"
56726,280,3302
56726,230,8626
56726,110,6717
56726,90,7800
56726,70,9713
56726,**,**
,,
56727,360,"16,865"
56727,120,1555
56727,110,4111
56727,70,4114
56727,30,3179
56727,30,3906
56727,**,**
,,
56728,640,"46,411"
56728,180,2304
56728,140,5365
56728,110,7232
56728,80,6974
56728,110,15818
56728,20,8718
,,
56732,530,"24,978"
56732,200,2400
56732,160,5989
56732,70,4428
56732,50,3804
56732,50,8357
56732,**,**
,,
56733,230,"14,769"
56733,70,912
56733,50,1764
56733,40,2506
56733,30,2406
56733,40,7181
56733,**,**
,,
56734,210,"8,769"
56734,70,736
56734,70,2375
56734,40,2344
56734,30,3314
56734,**,**
56734,**,**
,,
56735,340,"18,024"
56735,110,1446
56735,100,3913
56735,60,3997
56735,40,3961
56735,30,4707
56735,0,0
,,
56736,440,"28,695"
56736,130,1492
56736,120,4524
56736,60,3739
56736,60,5191
56736,70,13749
56736,**,**
,,
56737,390,"18,102"
56737,130,1789
56737,120,4530
56737,70,4492
56737,40,3673
56737,30,3618
56737,**,**
,,
56738,660,"34,509"
56738,190,2355
56738,190,6913
56738,110,6796
56738,100,8470
56738,70,9975
56738,**,**
,,
56742,360,"16,850"
56742,120,1669
56742,120,4102
56742,60,3662
56742,30,3115
56742,30,4302
56742,**,**
,,
56744,260,"18,161"
56744,70,774
56744,70,2742
56744,40,2119
56744,40,3322
56744,40,9204
56744,**,**
,,
56748,280,"13,653"
56748,80,878
56748,90,3383
56748,40,2449
56748,40,3580
56748,30,3363
56748,**,**
,,
56750,"1,190","63,509"
56750,400,5085
56750,290,10873
56750,190,11926
56750,150,13280
56750,160,22345
56750,**,**
,,
56751,"2,950","182,110"
56751,930,11007
56751,830,31009
56751,440,27929
56751,320,28089
56751,350,46550
56751,80,37526
,,
56754,240,"13,030"
56754,70,841
56754,70,2828
56754,40,2617
56754,30,2431
56754,30,4313
56754,**,**
,,
56756,360,"16,033"
56756,130,1547
56756,110,4191
56756,60,3385
56756,40,3445
56756,20,3465
56756,**,**
,,
56757,450,"27,127"
56757,130,1683
56757,120,4503
56757,70,4604
56757,60,5493
56757,70,10844
56757,**,**
,,
56758,180,"8,545"
56758,60,901
56758,60,1963
56758,30,2174
56758,30,3507
56758,**,**
56758,**,**
,,
56759,170,"6,612"
56759,70,837
56759,50,1747
56759,20,1343
56759,30,2685
56759,**,**
56759,0,0
,,
56760,180,"8,446"
56760,60,698
56760,40,1281
56760,40,2525
56760,40,3942
56760,**,**
56760,**,**
,,
56761,220,"10,216"
56761,70,873
56761,80,3012
56761,30,2143
56761,40,4188
56761,**,**
56761,**,**
,,
56762,"1,230","81,477"
56762,380,4519
56762,320,12141
56762,200,12774
56762,140,13082
56762,150,20703
56762,40,18258
,,
56763,"2,480","205,716"
56763,770,9348
56763,780,28553
56763,410,26126
56763,260,22613
56763,170,20810
56763,90,98266
,,
99999,"14,370","1,148,714"
99999,5610,69268
99999,3840,140953
99999,2080,128568
99999,1230,107081
99999,1170,154260
99999,440,548584
